,key,handstrat,participant,melody,sex,age,score,genre,proc,qommax,qommin,qomav,handdistmax,handdistmin,handdistav,zmax,zmin,distlh,distrh
0,0,3,10,27,F,24,438,sc,syn,2533.16021083,1364.8052571,1956.96949131,680.998252795,300.500633766,497.151955283,1827.79263988,869.810919445,3983.72611386,4220.78851669
1,1,2,26,7,M,34,924,jo,norm,2186.21413747,1627.12505611,1963.38257011,729.975529572,282.509192016,527.514013212,1520.05870633,1063.91608842,2688.74362195,2716.88402628
2,2,5,1,25,M,23,465,sc,syn,2879.82202018,1597.44560431,2437.52013373,1408.12149966,214.182448679,873.473716642,2027.89486686,947.82765373,5896.20636434,6083.72966919
3,3,4,26,17,M,34,924,im,syn,2118.73173688,1649.47217132,1890.6064449,604.167635427,292.610295873,461.096270538,1519.37631948,1001.03667888,2608.78543342,2924.7961343
4,4,3,25,19,M,64,879,im,syn,2632.74233141,1485.48190678,2151.44176341,1049.918584,280.421369653,686.849240644,1813.3240298,890.272999506,3264.08789744,3689.14438055
5,5,4,1,10,M,23,465,sc,norm,2468.62839447,2019.18934715,2277.85818091,926.545638123,273.494615898,589.959019873,1707.86375934,1117.86237666,4404.90309274,3713.47281724
6,6,1,6,8,M,37,973,jo,norm,1967.27277603,1303.06460929,1638.36140307,1019.2098802,492.788115264,754.872189516,1587.0328736,851.596501054,229.850714789,2476.85387277
7,7,3,2,7,F,53,989,jo,norm,2426.91150273,1274.74834786,2021.68406055,698.584371327,572.296744715,647.834015036,1664.70119979,810.187043634,2000.0923886,2030.20186263
8,8,1,4,10,M,26,958,sc,norm,1938.09724824,1386.8543807,1694.80726839,1005.59513382,629.084437447,781.782551538,1657.6196608,839.419041339,238.526171628,2598.97632047
9,9,3,2,16,F,53,989,vo,norm,2751.06999732,1411.94876985,2379.54949288,672.645077175,511.815874963,589.212526944,1920.68597896,894.696741623,2789.78347994,2935.68796307
10,10,6,10,8,F,24,438,jo,norm,1809.88619212,1216.42775681,1541.01122299,740.650317334,405.704633646,564.009450621,1295.43086627,793.609246442,1755.65606562,2508.24577272
11,11,2,22,27,F,28,524,sc,syn,1429.37960223,766.672369217,1209.49902752,678.809607231,233.871615771,478.7905741,1031.97218521,273.299944194,1185.62464933,1626.74347426
12,12,1,4,26,M,26,958,sc,syn,2068.78427893,1289.58090058,1726.5360276,1176.02442218,560.894937106,841.84567345,1824.37704332,819.287314872,232.963641846,3197.91110422
13,13,3,10,28,F,24,438,sc,syn,2001.75134958,1198.20247984,1670.82935843,875.57203646,200.315825761,472.62455115,1394.37117714,768.257002454,5216.7180056,4083.17729046
14,14,6,21,20,F,49,965,im,syn,1370.42310383,930.966752984,1215.54824334,659.870463075,354.814617158,468.527899239,954.407305295,475.79648812,3020.39577346,3062.67935989
15,15,1,28,32,F,41,662,vo,syn,1979.78668963,1169.6162061,1664.56754464,826.219294668,386.474052677,609.724021366,1640.59177995,765.824715051,3096.90019898,4718.07276234
16,16,4,1,8,M,23,465,jo,norm,2398.58200645,1752.49367517,2081.90324235,635.858674515,79.5399679742,263.330431146,1549.32291272,955.102141049,4455.89549165,4012.5494505
17,17,2,20,22,F,20,499,jo,syn,2307.6624982,1806.73423805,2168.95995993,693.552019366,167.546277727,481.369744708,1775.89054151,1192.29800096,553.985416251,3882.14862576
18,18,2,26,25,M,34,924,sc,syn,2073.57478518,1580.92808954,1829.82461537,625.20928383,96.4754493525,367.038196572,1630.0536254,928.012954017,2639.57718381,3924.15707869
19,19,2,18,31,M,30,992,vo,syn,2091.21405696,1598.43343983,1867.71264965,980.429865877,188.459214359,661.588159426,1440.87729605,994.152715627,2267.12434298,2886.03019652
20,20,3,10,1,F,24,438,im,norm,2091.00636918,1315.78641729,1800.08430877,1133.18271615,128.09460392,718.201150129,1370.6401282,829.447228198,2271.80039598,2329.72729526
21,21,4,26,16,M,34,924,vo,norm,2472.94261076,1658.37465285,2010.97545137,660.341002408,278.526112984,433.387313626,1689.74096603,1119.96062759,2666.47883551,2630.87661663
22,22,2,28,14,F,41,662,vo,norm,1961.52741349,1169.59089338,1748.4900831,951.097514638,169.466566864,676.322982934,1574.19845796,761.916444081,5162.47441179,4671.86613044
23,23,4,9,1,F,31,913,im,norm,2419.46564422,1037.2987054,1689.91065397,643.433745612,160.546227306,358.384577713,1706.04926149,487.312106173,2971.36598035,2438.68273085
24,24,2,2,31,F,53,989,vo,syn,2695.85273801,1474.47283695,2206.05033624,1417.36213043,288.670087713,637.753727638,2320.35171771,942.573026047,937.348112134,3348.8895286
25,25,4,21,28,F,49,965,sc,syn,2157.06910081,1099.88498776,1562.40924684,577.558024649,342.981545107,421.966525137,1353.76999201,465.746419207,4645.22975732,4489.32693779
26,26,4,9,26,F,31,913,sc,syn,2445.46427188,1171.13153027,1995.16054973,553.708073205,135.554151142,258.912328745,1801.75904777,742.40647238,4806.94107493,4733.58040664
27,27,3,25,1,M,64,879,im,norm,2423.90725613,1244.55026856,2069.68628864,1187.35751766,235.838613734,648.517070464,1624.50273132,776.542000022,3351.60935168,3487.43624318
28,28,3,3,24,F,29,972,jo,syn,2447.38053915,1197.80059304,2033.76602356,871.751700674,620.297544336,740.966117524,1699.84493494,786.131961338,2141.38799108,2453.71423351
29,29,2,7,10,M,25,839,sc,norm,1967.32885148,1695.81351153,1857.93712923,696.86270518,463.892171894,599.6666127,1374.11822311,1096.1014202,2129.23159989,1219.05186795
30,30,2,22,25,F,28,524,sc,syn,1374.74236868,754.045107276,1134.2468201,618.404154254,236.468857927,417.047999075,1051.61941271,331.77179967,441.11418227,1566.67142439
31,31,3,2,25,F,53,989,sc,syn,2941.60747737,1235.60226023,2156.48361634,682.406139622,228.88869457,461.576088635,2199.10239814,802.069747522,3593.22853728,4406.67464309
32,32,6,21,12,F,49,965,sc,norm,1862.00066159,1159.48202964,1532.54298614,847.513571153,365.604664973,523.972438262,1401.66885016,750.944879651,2898.80481334,3466.63389671
33,33,3,8,16,F,20,262,vo,norm,2422.29813682,1320.72340998,1793.32388306,644.612361187,251.545133512,458.75592886,1708.63719505,810.769665474,3233.2004074,3495.72696384
34,34,3,2,12,F,53,989,sc,norm,2792.07114958,1671.09391445,2297.37259411,539.334856125,354.693922377,453.070719551,1953.81458954,958.01958607,2328.95250508,2103.06101251
35,35,3,5,8,M,30,563,jo,norm,2176.96356299,1759.63184275,2080.11893864,1077.190542,288.324983676,716.435953897,1505.07239326,1092.80557252,2114.28224754,2570.34508549
36,36,2,28,13,F,41,662,vo,norm,2080.81662314,1171.09860179,1753.98521391,927.42640443,409.94530936,696.782009843,1587.76602782,783.166088576,2227.02184069,3013.17371312
37,37,1,18,30,M,30,992,vo,syn,1986.96766454,1243.04978223,1753.93138524,994.160711435,153.454801793,748.01168216,1552.26366067,826.131288516,1375.18253301,3499.22636806
38,38,3,5,4,M,30,563,im,norm,2741.13986036,1308.16017582,2407.83715722,1431.82032707,200.569433328,1030.54751013,1827.95321478,831.876833987,5787.05155308,5398.00656333
39,39,1,4,19,M,26,958,im,syn,1882.42569531,1307.32223969,1631.82046887,989.298461296,564.225757231,754.100496805,1603.88922013,809.865263197,380.98419191,2689.27844121
40,40,2,8,18,F,20,262,im,syn,2319.17021288,1307.64606339,1662.98270975,663.655112013,215.982388814,445.615633582,1662.63110083,801.357066462,3951.52617049,3807.83691302
41,41,1,6,30,M,37,973,vo,syn,2162.44542975,1349.14585764,1804.16502754,1194.43753685,532.745339791,922.338191616,1865.32089721,884.951257309,256.408846051,3169.69355827
42,42,1,18,32,M,30,992,vo,syn,2199.81885112,1550.44104632,1886.86266575,1048.94689425,364.917129398,712.505667455,1513.83671679,823.532269163,3017.58100352,4471.10273086
43,43,2,20,32,F,20,499,vo,syn,2290.71838921,1337.09355743,1939.62584639,723.213592864,230.501824608,458.321660325,1598.64655993,824.536238262,1873.67751428,1913.66364375
44,44,4,28,30,F,41,662,vo,syn,2177.80695684,1212.55295412,1692.25370864,996.628278813,434.768710704,719.137470443,1571.63407395,809.67792186,4109.95594785,4162.79366996
45,45,2,18,7,M,30,992,jo,norm,2072.77086258,1317.36372961,1765.33183981,1015.75146185,205.93953583,678.184998639,1567.91187699,820.152996457,1297.29577735,3277.27594409
46,46,6,21,11,F,49,965,sc,norm,1785.77740832,1304.57012074,1624.85778507,488.658576593,96.7207208155,334.815366588,1239.48248171,722.448553135,2708.129119,2745.02503268
47,47,4,9,10,F,31,913,sc,norm,2456.99172157,1238.18555667,1999.49013704,618.815238567,115.68434669,306.700338383,1738.43220978,801.969430145,3984.7834306,4878.80635324
48,48,3,9,5,F,31,913,jo,norm,2335.91390158,1372.22320344,1928.88414603,909.151546562,175.332030947,489.783658038,1845.27146105,821.81555265,2610.19004717,3011.80651885
49,49,1,4,7,M,26,958,jo,norm,1838.54440582,1304.38517812,1633.59060383,922.009944718,458.213695474,694.902005367,1551.36916758,843.840518402,342.212814352,2403.35009884
50,50,1,4,11,M,26,958,sc,norm,1815.69617402,1309.49509669,1604.05935361,859.367620912,417.173378171,684.370488358,1477.94418633,815.24492431,457.916564589,2163.24066368
51,51,5,28,6,F,41,662,jo,norm,2030.26615331,1152.30291973,1663.37749351,960.252198515,395.166619274,710.710274068,1602.94270507,773.738511876,1803.70055652,3304.97369479
52,52,2,20,19,F,20,499,im,syn,2319.61463419,1344.06242157,2012.76427653,648.908692419,165.112535169,480.450204456,1657.88315344,776.285999996,2363.63731272,2416.79839325
53,53,1,20,29,F,20,499,vo,syn,1808.00832892,1364.73860218,1662.48106002,908.425348248,640.305258453,801.311364483,1489.52997261,799.359619137,525.140343894,2253.24715585
54,54,6,10,7,F,24,438,jo,norm,1782.42751646,1220.9572212,1615.49748062,561.5000901,358.668632472,471.263255093,1232.20854692,792.715302418,2271.42464752,3243.63402561
55,55,4,3,4,F,29,972,im,norm,2196.39611243,1166.00735855,1864.16536992,583.868084111,118.900607615,251.756081759,1545.24793981,759.568898934,4712.28829806,4684.6382051
56,56,3,25,4,M,64,879,im,norm,2763.87546629,1631.22876903,2271.14630274,957.444240447,278.163046196,544.13637325,1876.02770061,971.279367006,3361.43451638,3976.7591894
57,57,6,9,12,F,31,913,sc,norm,2254.3029498,1158.27531306,1752.56345317,643.100246071,93.8475420647,296.093925546,1657.93596711,728.337013761,3406.31994505,2662.75870168
58,58,2,20,28,F,20,499,sc,syn,2015.07515533,1336.67577388,1794.97330893,684.379802686,186.921229718,309.997067951,1413.67883211,841.491452256,1146.73167018,1573.18285207
59,59,2,3,22,F,29,972,jo,syn,1958.96523777,1563.75059783,1772.79051494,599.462514623,81.540814405,306.683812336,1418.37610854,999.185504308,1447.70287764,1741.23699668
60,60,6,28,23,F,41,662,jo,syn,2209.20151589,1201.93610373,1709.5971919,722.669993377,269.933463533,481.032189822,1645.28610408,774.049597286,4650.07317149,5875.89693815
61,61,2,26,12,M,34,924,sc,norm,2048.66653866,1694.35836374,1894.42960911,602.771010024,370.486994071,470.961387172,1427.63703451,1120.28339351,1688.69101738,1513.39627025
62,62,4,26,24,M,34,924,jo,syn,2133.24251573,1655.09410422,1945.65082597,509.909476684,280.160466762,382.023141349,1457.09128805,1101.85814927,2929.2071801,3087.63890943
63,63,3,2,27,F,53,989,sc,syn,2523.27331744,1696.2139714,2310.61924796,804.008390814,539.965637126,708.844361429,1747.04618656,1091.35299995,1832.90457442,1890.74108119
64,64,3,5,26,M,30,563,sc,syn,2586.70057541,1448.87520804,2253.99643032,1054.73064374,240.498958568,718.924364215,1742.12095815,920.399982497,6175.1996342,5809.51888636
65,65,1,4,2,M,26,958,im,norm,2013.7263125,1282.66952294,1643.44470981,1201.56446193,591.416049451,936.062525202,1712.80388997,795.224490746,1094.26443211,4407.46682783
66,66,3,22,22,F,28,524,jo,syn,1637.45343788,825.477810654,1300.05840088,1255.533236,271.155220885,882.32645001,1072.42250925,301.531504729,1904.3545185,2111.37488181
67,67,2,20,18,F,20,499,im,syn,2085.40183779,1476.25340267,1870.9714056,708.743645909,217.606757703,461.036401503,1534.00812967,801.635637645,1312.23041717,2343.33969583
68,68,2,18,25,M,30,992,sc,syn,1918.43504084,1391.42110385,1757.62035849,990.498280747,258.496579821,617.38962351,1338.97948973,922.835378327,2481.12669322,3725.72326563
69,69,2,7,32,M,25,839,vo,syn,2037.82926749,1552.14580971,1928.63135962,883.16743819,507.792628584,627.307824331,1439.48635607,1015.9583836,1656.1203978,1416.05426868
70,70,1,28,19,F,41,662,im,syn,1823.22814783,1179.10076296,1546.24550035,956.085503297,187.425572821,588.616367367,1535.25377085,772.442944972,2977.44191649,413.597616364
71,71,3,8,20,F,20,262,im,syn,2292.66545687,1297.26008395,1752.39259103,592.707140913,206.850551563,349.02794368,1641.30403879,804.967737643,3003.76269108,3079.04773185
72,72,3,1,20,M,23,465,im,syn,2823.06051263,1439.87864819,2293.38112159,1406.25912666,434.286113404,1010.03999585,1973.67464219,864.723751777,5340.53666917,4726.36401961
73,73,4,3,12,F,29,972,sc,norm,2329.47485205,1250.09570235,1946.79556962,389.074972135,103.444968984,176.942013106,1663.09843429,838.175270338,2993.72315285,2746.63291756
74,74,3,18,23,M,30,992,jo,syn,2136.97055656,1294.82599501,1807.09741023,1001.17175858,184.938681701,573.67996134,1457.16579195,837.507534801,2099.46695372,2445.87885557
75,75,1,2,5,F,53,989,jo,norm,2022.60346031,1279.15298598,1695.55565276,1073.39359479,469.049089965,791.571162378,1720.14610426,820.829614424,734.787312564,2178.94652275
76,76,2,18,13,M,30,992,vo,norm,2457.97656804,1218.89357423,1885.75166104,1215.92532118,181.595640363,671.523542981,1811.42235271,818.422731334,2056.70784897,3391.04943227
77,77,1,20,10,F,20,499,sc,norm,2050.432029,1338.54027672,1693.72757135,1188.33430348,541.222906279,841.93814467,1765.43270781,798.662809172,466.37234813,3664.92199424
78,78,4,7,4,M,25,839,im,norm,1865.22319935,1298.60575739,1568.0892371,582.06385805,340.079023627,438.801324431,1287.21606946,870.044295009,1146.10722439,1064.40417939
79,79,1,6,19,M,37,973,im,syn,2141.47714712,1310.06057342,1774.86491735,1204.16720931,512.834309541,903.84809192,1829.92933694,861.266818256,207.808808343,2370.63838046
80,80,2,21,9,F,49,965,sc,norm,2813.87625435,1123.9878993,2061.32954567,1398.25729387,285.769085344,735.786776265,1853.79125235,747.752173964,7051.9867936,6298.39013215
81,81,1,20,31,F,20,499,vo,syn,1851.27626008,1405.23850778,1686.09106405,942.360311843,630.935571853,813.75454358,1523.56290146,789.47079871,445.788054538,1786.92026258
82,82,3,5,18,M,30,563,im,syn,2129.54613824,1236.27843288,1753.07286369,1100.88137051,357.659497373,650.745929082,1408.94353943,809.153604015,2366.70188515,2441.84838571
83,83,1,6,24,M,37,973,jo,syn,1862.1001676,1300.10813159,1609.19666258,910.212411273,484.595960348,723.288086262,1523.87990582,859.742270123,181.963034235,1842.50589623
84,84,1,25,24,M,64,879,jo,syn,2229.82014253,1238.32151022,1860.35143676,1112.52293004,484.73414736,790.288552032,1860.26303673,767.077894781,1084.56982349,4667.62027551
85,85,4,9,30,F,31,913,vo,syn,2696.50262677,1287.96433036,2206.61050634,2246.75420938,233.976413747,928.225046387,2192.45730748,-50.4775239106,9549.97331378,4844.51553397
86,86,4,22,14,F,28,524,vo,norm,1614.73523694,749.144244309,1365.21227397,443.573698373,305.878551414,361.190566246,1040.27897969,307.678881824,1877.20587622,2026.51013727
87,87,1,4,9,M,26,958,sc,norm,1908.72048149,1368.86229619,1663.5253606,943.279688354,580.036250459,804.863294715,1615.82623255,823.556350387,1466.74958156,3945.08880071
88,88,1,6,6,M,37,973,jo,norm,1955.41062494,1295.16995155,1660.67924047,1027.84864191,507.655982059,812.750607183,1621.36830005,857.39043668,101.640268104,1807.03362687
89,89,3,8,25,F,20,262,sc,syn,2265.46747448,1308.75128463,1913.74260005,619.042033898,200.183775073,460.540486213,1710.89660517,829.159808958,3350.60408167,5865.93341829
90,90,3,25,23,M,64,879,jo,syn,2654.56444343,1227.02075444,2102.49828485,1289.5253675,324.550828701,757.532781865,1840.07880825,773.958414702,4021.02265884,3955.42434054
91,91,3,8,17,F,20,262,im,syn,2130.57678073,1331.73707806,1758.17527459,640.527652533,188.943639282,356.23127405,1508.5217987,791.482144063,3084.67750314,3749.81930148
92,92,4,7,6,M,25,839,jo,norm,1625.39895047,1300.54542673,1513.6770908,599.157074932,481.002115125,532.657193147,1189.12113814,870.819074475,739.601343046,870.243261192
93,93,3,8,14,F,20,262,vo,norm,2559.3807649,1306.89826066,1919.12427138,1392.88171012,201.823414789,638.006606952,1782.06572775,817.4017324,4262.71929236,4420.62824106
94,94,4,3,2,F,29,972,im,norm,1995.21044744,1271.35132974,1789.59563709,363.657490073,122.900696606,177.052972026,1396.08350064,837.227473638,1582.98124856,1712.85243539
95,95,3,8,28,F,20,262,sc,syn,2377.36046193,1184.95142255,1797.93539692,1376.13927208,304.618751744,611.666313023,1679.44905526,725.58564816,4654.48962635,4561.58870109
96,96,4,3,31,F,29,972,vo,syn,1703.61744396,1201.41669076,1504.7260463,502.904391836,95.2985423856,227.891574893,1191.50264916,801.015096835,1615.18427219,2001.38610352
97,97,3,10,30,F,24,438,vo,syn,1915.31450235,1236.83750407,1727.18769614,532.91656336,310.88891473,398.343926044,1287.09104606,792.117872092,3844.2744205,5042.48440645
98,98,2,18,6,M,30,992,jo,norm,1778.5721881,1264.80635351,1562.87760193,808.303358256,222.684958981,575.959734764,1251.19996925,844.651674124,1305.80998661,1560.20816699
99,99,4,5,13,M,30,563,vo,norm,2380.65041867,1245.95327757,1813.25407414,639.040551902,203.2532584,288.180341064,1646.09769104,805.940086824,1775.79404146,1807.85370453
100,100,1,25,11,M,64,879,sc,norm,2103.86376472,1698.39243844,1919.32020981,1198.77445295,794.002142584,1007.22407631,1849.36360963,765.432453754,355.996865748,2261.47196964
101,101,2,21,4,F,49,965,im,norm,1924.13546632,1173.38974602,1644.36379283,1040.00287139,270.365808419,564.116027794,1474.53728674,771.083715261,3399.90145821,2990.51778526
102,102,1,6,32,M,37,973,vo,syn,1794.04235831,1297.22106965,1604.48045611,848.531207879,461.437877022,695.912002846,1426.14897569,864.926561941,166.584745803,2449.60666406
103,103,1,6,16,M,37,973,vo,norm,2127.6206631,1297.27815551,1733.91835663,1147.77171387,466.124050767,801.560683958,1847.04200198,853.815399294,132.045500364,2347.80529311
104,104,1,20,12,F,20,499,sc,norm,1886.20531443,1355.42666288,1690.09457233,964.21572656,648.201181204,787.805951094,1598.2125599,805.083639167,209.241064213,1708.85936733
105,105,2,22,21,F,28,524,jo,syn,1534.77163292,728.060177419,1189.7670551,619.821284421,218.525229342,462.40831362,1199.60836687,266.893596588,1004.63051149,1640.41182968
106,106,2,20,30,F,20,499,vo,syn,2182.82238402,1425.20418184,2044.67627679,741.232266925,188.213567172,526.809377824,1509.72351452,867.351461174,1978.72961693,2351.33322095
107,107,2,5,21,M,30,563,jo,syn,2393.50296102,1697.31583993,2084.19988115,309.402458662,127.043271186,239.799043731,1637.45482352,1144.4919939,3115.31861949,3276.60583997
108,108,6,9,7,F,31,913,jo,norm,1652.62875356,1100.93468462,1489.68119231,640.226876002,355.425685263,488.313064465,1186.5050993,731.875365572,2712.69136293,3047.82007671
109,109,3,25,30,M,64,879,vo,syn,2408.63116331,1489.68854793,2017.29608728,987.721020642,528.378789651,716.203155549,1634.59885481,902.95383891,3062.21964177,3211.9372028
110,110,2,9,15,F,31,913,vo,norm,2308.13552522,1562.11044313,1948.14354199,1140.67876627,197.121727292,611.069653943,1806.65913519,879.800889003,2046.29182393,3102.07352333
111,111,2,22,19,F,28,524,im,syn,1529.10841738,755.377936707,1255.62888208,594.471158059,297.017293228,431.546550969,1012.14639782,295.337115065,1114.84790467,1309.26215495
112,112,6,1,27,M,23,465,sc,syn,2256.13710877,1638.00388706,2013.46085472,1102.45544969,152.440065235,444.937549934,1516.15744313,981.523024585,3221.18675718,3082.81091858
113,113,4,3,10,F,29,972,sc,norm,2309.57372335,1393.1833874,1859.26300199,304.119069928,101.912340589,189.72111998,1627.21687772,944.536077868,2050.6969686,1947.90176285
114,114,3,2,2,F,53,989,im,norm,2506.78529048,1681.73744758,2285.00096232,866.506047738,456.749446236,735.318275775,1705.78538787,1083.98499996,2824.88618716,2703.1059872
115,115,3,2,19,F,53,989,im,syn,2677.05899843,1313.20573812,2095.27666551,1015.81650048,550.355025094,792.360886055,1863.39496393,827.506279815,3615.84040997,3603.86133458
116,116,2,8,2,F,20,262,im,norm,2371.19862578,1324.57779959,1748.06228734,683.6558465,370.575433669,574.897164922,1877.95505129,810.787795063,1740.30733556,2920.61216854
117,117,1,4,6,M,26,958,jo,norm,1750.55524617,1277.36697146,1522.44625864,844.812394056,462.545642423,647.344024406,1415.63912297,826.256526034,301.874241005,2008.04976119
118,118,4,22,17,F,28,524,im,syn,1962.1471474,736.727817155,1452.52059781,731.036548424,212.994965703,377.092807206,1244.23319975,309.103216654,3101.10941362,2761.4628612
119,119,1,20,7,F,20,499,jo,norm,1550.0254445,1354.51223127,1465.86476103,783.615029877,535.937370773,630.6679243,1137.0728157,814.578842402,644.493123345,1607.70361435
120,120,1,2,1,F,53,989,im,norm,2217.98943584,1782.54974431,1984.31736735,389.263550613,216.220954624,257.832246286,1510.80801943,1154.91418429,808.495237601,820.262618759
121,121,2,18,27,M,30,992,sc,syn,2159.97279938,1464.18102455,1886.24002647,921.838298373,209.809490397,576.096057425,1479.1151144,862.785326398,1885.87394557,2382.9094058
122,122,1,20,1,F,20,499,im,norm,1864.39586748,1341.69592803,1601.4301851,975.813147773,545.201084571,750.795749017,1578.12696962,773.249903047,411.952510718,3175.1377208
123,123,2,9,20,F,31,913,im,syn,2142.40550799,1202.18617362,1751.26181046,533.803183623,188.820865594,351.248175767,1516.02243816,753.427061958,1734.91498687,3038.65155072
124,124,1,6,22,M,37,973,jo,syn,2134.02898786,1391.38980558,1814.48576732,1122.3883716,546.2121058,859.225194677,1830.59890187,884.753428615,613.862174233,5318.05112696
125,125,2,18,4,M,30,992,im,norm,2102.88125778,1390.44908038,1870.2100752,963.753184701,218.902449335,661.405083444,1522.83467807,884.783611416,986.550323776,1633.488799
126,126,1,4,12,M,26,958,sc,norm,2039.46219294,1512.94714605,1756.30652205,813.740540343,636.955486341,714.295888666,1571.14594338,802.706488935,1302.58170239,1501.21536055
127,127,4,8,30,F,20,262,vo,syn,2362.97497795,1308.01500935,1906.74189094,628.477972947,204.309485865,412.924060332,1680.04753578,829.086286128,4259.14888787,5113.86779396
128,128,2,7,21,M,25,839,jo,syn,2047.354816,1230.06401091,1683.33697389,1538.80613502,414.201890269,780.995547002,1428.79463081,-213.587046416,7500.6397658,3462.71174426
129,129,3,8,22,F,20,262,jo,syn,2452.72679127,1330.30551051,1814.27159855,630.912209267,257.095092695,452.514765723,1773.07533308,815.145725721,2517.3410788,2754.51182286
130,130,4,9,4,F,31,913,im,norm,2046.49674447,1163.62206456,1680.86556138,803.080494941,202.765152767,509.924438878,1501.64425203,725.589891708,2808.14547631,2507.46182229
131,131,2,8,12,F,20,262,sc,norm,2310.90256377,1317.53728573,1755.28552918,1002.72488684,270.90321068,591.22733861,1791.4463719,788.181662749,2518.53365933,3510.79497433
132,132,2,22,20,F,28,524,im,syn,1847.97066013,715.650940207,1351.91605899,676.52023874,199.835963387,433.260338112,1314.09499596,280.318815209,2229.52156201,2189.1851431
133,133,1,20,20,F,20,499,im,syn,1768.8215455,1366.25971901,1603.31269517,954.016066015,617.709459184,795.21412165,1424.00886224,786.086178671,303.387927628,1595.343177
134,134,1,18,15,M,30,992,vo,norm,2297.14558018,1282.27564311,1809.61840836,1162.32960973,182.864853128,844.564899857,1821.28965811,809.419745387,1724.30571056,4211.21866479
135,135,1,6,15,M,37,973,vo,norm,2351.57855656,1302.88106392,1838.90392067,1311.1978285,513.723041641,877.700753795,2122.01146643,852.333652817,515.096746081,3814.93015412
136,136,2,20,14,F,20,499,vo,norm,1926.76627039,1655.38177908,1843.99083537,647.957961461,167.933442976,351.740448571,1414.86875014,984.123379648,1199.45034395,1267.22652748
137,137,3,7,23,M,25,839,jo,syn,2456.12704842,1365.87403336,1949.00124056,645.448960146,269.874882208,407.059501023,1690.83896665,913.530529213,2480.86805182,2241.22048066
138,138,4,9,18,F,31,913,im,syn,2094.19370431,1476.80918602,1999.51825022,463.675739312,170.041937942,305.89278811,1445.80610707,971.454001872,3008.63057392,3508.04151268
139,139,3,25,28,M,64,879,sc,syn,2565.33601436,1233.87332449,2094.36477396,1043.98517096,286.923896098,661.132481028,1758.15206024,778.16903325,3046.52978429,3150.56098773
140,140,2,1,12,M,23,465,sc,norm,2048.69006691,1647.08229796,1939.61214454,529.332693027,132.756138096,238.230896453,1295.66370256,946.647262318,907.740282122,801.160161001
141,141,2,7,27,M,25,839,sc,syn,2338.34070135,1526.75503495,1994.1517971,1060.16333861,601.009887277,853.396387507,1561.97320426,1014.12255402,1071.03217278,962.484483142
142,142,2,21,5,F,49,965,jo,norm,1989.22041581,1200.35736832,1523.31389935,869.348151038,388.848656348,596.62444695,1402.69750048,448.309150399,3933.79767813,2775.44437636
143,143,1,4,32,M,26,958,vo,syn,2140.95557845,1325.68985313,1782.69859466,1299.51214255,618.872450704,1024.65054877,1940.11282999,756.549449679,584.308738373,3090.99644458
144,144,6,1,26,M,23,465,sc,syn,2107.64136738,1380.70556543,1876.60134803,461.927772695,120.688832547,256.330222644,1367.86925097,862.583675521,1256.81500102,1435.28849615
145,145,2,20,3,F,20,499,im,norm,1816.0089106,1446.41065765,1702.27976896,588.112203525,217.182938715,371.625284902,1324.56772047,962.968261074,751.880151787,898.392479734
146,146,3,2,11,F,53,989,sc,norm,2987.60721147,1633.41886235,2501.30345838,712.755655445,284.741193927,425.392384031,2109.40624273,1059.56476397,2539.20188204,2511.08953521
147,147,2,25,27,M,64,879,sc,syn,2305.51796254,1659.9455516,2113.14366181,744.619715179,285.969492995,520.958880848,1719.06899178,968.436615945,1829.66847125,2015.31211991
148,148,1,4,20,M,26,958,im,syn,1770.23689989,1269.9181921,1518.45695599,893.53074958,543.116895033,715.924845268,1461.46191877,823.246419977,366.441563322,2049.03238413
149,149,2,21,22,F,49,965,jo,syn,2296.32510794,1242.0762655,1926.83700296,931.967159616,229.756571447,503.360222008,1669.81283587,779.078901402,3524.98568828,3950.59561883
150,150,6,9,31,F,31,913,vo,syn,2245.53201418,1199.1757193,2000.81507193,440.587525793,78.696049702,281.276948514,1616.48451197,781.879318641,3039.42143419,4003.16497024
151,151,6,28,7,F,41,662,jo,norm,2092.7353785,1277.76277,1603.77069525,814.184944372,647.213700337,733.429255635,1549.68518034,749.922449167,2338.09219367,2071.18114241
152,152,3,3,7,F,29,972,jo,norm,1784.3967133,1551.73495201,1693.06377592,324.714879472,143.491024738,231.472355915,1275.74217451,1062.51516617,576.732005046,665.373202796
153,153,2,18,8,M,30,992,jo,norm,2221.90196664,1380.53622988,1952.95056968,1075.67912691,278.466555582,753.483617799,1623.13377852,847.740984591,1458.23335671,2151.26658344
154,154,4,22,11,F,28,524,sc,norm,1789.23511167,714.634070884,1340.1792177,563.156626872,146.56786334,369.193979579,1253.75632011,275.235383062,1977.38055546,1955.0226396
155,155,2,5,30,M,30,563,vo,syn,2399.64593154,1201.10668524,2083.16107846,681.883571204,174.643299869,350.084513918,1764.81974077,770.40831999,3200.9292263,2995.15012946
156,156,4,7,19,M,25,839,im,syn,2500.77635344,1305.52056273,1950.72971136,557.707308911,274.953814954,341.619031696,1750.82860355,870.609369398,1976.20168771,1939.26096782
157,157,2,7,13,M,25,839,vo,norm,2185.19864073,1475.54873624,1977.57275602,779.469109669,418.201018108,635.678269929,1598.6090299,886.850887678,3623.99910766,2371.30440593
158,158,3,2,8,F,53,989,jo,norm,2106.46924648,1348.47712663,1796.52966521,1122.84889658,661.885995356,1013.47024559,1373.28693677,845.36673326,1939.13950821,2083.64068727
159,159,6,10,21,F,24,438,jo,syn,1646.1458243,1188.2997231,1456.32428409,584.409558823,321.705827665,461.841274001,1130.64661544,775.600050255,1202.97007694,1126.76446683
160,160,4,3,15,F,29,972,vo,norm,2184.20008212,1500.34429558,1861.15927346,537.930977797,129.026691691,222.111245654,1500.97398823,1004.78591473,1609.65888867,1885.11512886
161,161,4,3,32,F,29,972,vo,syn,2201.36280172,1534.29390956,1975.90937318,611.023516321,117.115086495,270.834513478,1600.27046775,793.029585918,1910.97360323,1683.99354007
162,162,3,2,26,F,53,989,sc,syn,2830.91200846,1256.96010588,2307.18878034,1294.66744415,468.373792446,929.548332761,1990.00065219,822.54335594,3008.59251918,3760.20229922
163,163,4,26,1,M,34,924,im,norm,2094.65051482,1654.39048137,1942.34459422,509.391655032,270.639017062,388.746551163,1463.72557781,1097.95324064,1941.36204746,2049.85740127
164,164,3,5,6,M,30,563,jo,norm,3413.56496285,1679.05061941,2634.03367536,2056.0283454,234.662233621,1012.2599305,2465.07622139,1008.79861179,5443.18064441,4728.83227683
165,165,1,2,6,F,53,989,jo,norm,2085.47913016,1482.07749701,1843.11915588,687.945372189,290.643541293,496.667822116,1555.06957093,840.868596944,1321.59118969,1938.43398152
166,166,6,9,24,F,31,913,jo,syn,2372.77629746,1126.25014057,1860.68094264,522.82535553,135.13122144,302.129475954,1702.78019036,683.808651296,3293.5289637,4151.70756816
167,167,1,25,31,M,64,879,vo,syn,2166.84735117,1449.42007417,1891.05798556,1267.21845765,609.699296122,968.23780477,1891.39270865,777.94686582,347.925448682,4665.99266967
168,168,1,4,30,M,26,958,vo,syn,1912.74688775,1288.08056755,1695.77972775,985.908463599,601.192475229,830.183943272,1572.51713811,795.986114158,926.419594621,3061.14619928
169,169,2,21,29,F,49,965,vo,syn,1946.50878317,1262.89409979,1720.58749614,737.536963829,225.457792103,435.606940851,1375.9460145,808.557999968,2287.43387749,2148.1145895
170,170,6,28,8,F,41,662,jo,norm,2038.47361302,1162.09017318,1766.57162616,1037.86583568,413.246371627,754.306036424,1607.82984651,769.634208108,3526.72965842,4888.61163557
171,171,6,1,6,M,23,465,jo,norm,2166.11230522,1569.12140556,1952.28869576,527.394977009,158.468928265,276.961518628,1434.46767868,962.545106482,790.390958367,1125.69634034
172,172,1,4,18,M,26,958,im,syn,2215.08316977,1293.66124555,1860.03818231,1237.74835137,575.5773168,940.953176285,1963.48101737,817.849178363,1081.99906814,3470.67908721
173,173,4,1,22,M,23,465,jo,syn,2137.93189649,1353.62761604,1884.9013656,570.881566684,173.957589801,332.605938019,1434.38987605,858.663442353,1016.24373516,1606.49714571
174,174,3,26,14,M,34,924,vo,norm,2225.10127896,1659.58129513,2071.23557802,834.988660506,392.496368026,631.119094824,1512.04016589,1072.07651187,2442.86976178,2482.4112771
175,175,3,8,15,F,20,262,vo,norm,2279.28212594,1347.11827412,1846.77893318,730.944372246,259.36947478,481.105774883,1631.47586085,815.706258016,2702.09873677,3145.90247808
176,176,4,9,32,F,31,913,vo,syn,2859.38316807,1292.21834956,2244.67102914,844.858552644,165.015757663,322.344866232,2029.52665129,844.426929504,3317.6457288,3245.19307762
177,177,3,1,19,M,23,465,im,syn,2816.62072656,1277.36086546,2249.3355026,931.922108778,198.198054661,513.323926328,1956.93617706,781.255681464,4441.05404706,4373.98034103
178,178,1,6,21,M,37,973,jo,syn,2180.0892815,1312.95109093,1830.21301053,1156.51748928,534.77630976,918.534627446,1918.83750893,863.270356102,285.223107753,3135.45428489
179,179,3,28,16,F,41,662,vo,norm,2433.45354873,881.068685451,1649.51508972,1095.60903761,467.097673845,762.986916995,1797.77587002,-75.1889698238,3026.62309562,5067.77008323
180,180,6,10,26,F,24,438,sc,syn,1985.56315179,1196.12869211,1688.98951033,685.558320712,164.075786733,365.068049691,1321.17573524,672.631682518,3493.96022509,4697.69099373
181,181,3,10,17,F,24,438,im,syn,2564.20747654,1242.61562378,1989.38748176,659.863929476,432.676125747,527.891676034,1820.75452792,799.317642336,2453.93409516,2533.98547715
182,182,1,4,27,M,26,958,sc,syn,1856.33908178,1309.69722945,1646.94188901,824.494872188,586.946482881,688.317790005,1477.71030671,843.081694895,591.452132658,1698.81508201
183,183,4,21,30,F,49,965,vo,syn,1644.11138892,1006.69888942,1315.06945905,544.851938648,394.882755533,484.942183727,854.742949687,610.446976826,6183.25743125,6095.69935388
184,184,1,21,8,F,49,965,jo,norm,1847.39871081,1143.90625027,1526.77929375,980.715734953,373.677843741,670.977645101,1595.37529875,770.200321669,320.193727919,2900.44465192
185,185,1,6,13,M,37,973,vo,norm,2064.42652959,1291.68547838,1686.0870071,1129.93191041,414.193147512,757.449754511,1759.24221469,856.671154918,556.921182617,2924.90364484
186,186,3,10,2,F,24,438,im,norm,2170.66291688,1190.51965467,1675.94996371,971.90059397,383.00745782,632.0947781,1538.06085495,768.653479134,3265.4066636,3333.13059469
187,187,3,10,16,F,24,438,vo,norm,2397.74341186,1260.7317085,1861.9803216,1043.07737426,604.078098887,898.092263805,1641.59669118,786.496493489,2327.29895365,2685.76273073
188,188,1,6,27,M,37,973,sc,syn,2063.56966641,1299.99767988,1731.50701703,1148.89401169,497.773564983,872.0465012,1735.5720812,858.643490257,103.454392329,2411.3327732
189,189,4,7,30,M,25,839,vo,syn,2002.30945909,1674.61155989,1826.8697575,323.81780435,257.257079154,295.882638968,1377.57207594,1117.44835441,965.277914718,914.862325932
190,190,2,5,23,M,30,563,jo,syn,2245.4159181,1249.18737511,1830.78878904,777.704000931,337.264138143,578.194978405,1664.10995977,807.897313475,2234.26927745,3412.93915215
191,191,2,18,5,M,30,992,jo,norm,2041.02308731,1457.0858355,1794.49139843,897.658583265,329.887245119,705.169266825,1447.7635073,859.20525595,854.829530478,1394.40214716
192,192,1,3,18,F,29,972,im,syn,2203.87652894,1694.56439043,2060.21114209,542.249531831,217.933387443,322.963188507,1612.65588418,1119.12274482,1292.03439168,1404.82338117
193,193,3,2,10,F,53,989,sc,norm,2230.48645818,1363.70135017,1934.6252548,589.532398366,410.207930117,502.79124412,1508.12923251,877.05815601,1647.57229675,1803.1398542
194,194,5,21,6,F,49,965,jo,norm,2710.73435296,1241.54173438,2027.71825443,1125.20269773,410.352465209,820.566821955,1852.04057295,755.019764455,3085.82684512,3647.83691661
195,195,1,3,16,F,29,972,vo,norm,1987.07092226,1323.35339724,1689.84159306,987.914763226,550.817809461,753.782487168,1740.65795474,788.543926288,516.668497894,2012.36472894
196,196,3,8,5,F,20,262,jo,norm,2333.6928822,1290.14858533,1774.65802984,654.246705346,170.045522789,431.79306231,1675.85730595,803.783594954,3648.38336738,4207.78797298
197,197,3,3,20,F,29,972,im,syn,2467.45837469,1192.33963753,1774.1991253,776.696146162,478.243092767,616.284335416,1799.45042239,784.952763177,2322.4374789,2594.91443248
198,198,1,22,10,F,28,524,sc,norm,1414.17569638,788.250148215,1118.79568657,1040.72383581,400.035871036,717.846537668,1220.68330249,273.446065211,275.117458321,2211.18027032
199,199,3,25,32,M,64,879,vo,syn,2396.09760369,1238.25887517,1976.69862083,584.255016536,275.415036512,418.441728615,1626.47360747,762.206146831,3974.77291469,4212.33742722
200,200,3,8,24,F,20,262,jo,syn,2291.13458779,1278.89888976,1856.77562549,620.738524299,276.633009663,408.305293718,1612.84830628,811.424418189,2539.28036012,2758.1609112
201,201,6,21,7,F,49,965,jo,norm,2121.76637497,1234.111754,1751.29380759,992.916350862,296.061106065,500.649495889,1660.30062294,774.448128785,3976.12669441,3200.38775765
202,202,6,7,28,M,25,839,sc,syn,1932.04732771,1304.70409248,1721.4394573,791.318197351,476.159622501,606.824659346,1366.66742413,865.39664282,2311.83698596,2661.45198406
203,203,1,4,23,M,26,958,jo,syn,1860.40484376,1472.779085,1718.20688612,888.247353804,535.959024374,727.134714548,1557.30947174,834.765324688,377.81473187,1915.01093546
204,204,3,10,22,F,24,438,jo,syn,1780.67996653,1193.1332472,1600.72913989,592.939322055,165.342189607,438.951987517,1223.74500226,763.507693379,1986.95059512,2130.6033514
205,205,5,8,13,F,20,262,vo,norm,2518.76392805,1300.62258331,1787.7971776,861.983082065,376.845969908,653.995993917,1749.484609,813.029629498,2675.85944763,2837.06717131
206,206,1,6,7,M,37,973,jo,norm,1934.63225401,1305.88721257,1653.14174479,953.325890043,489.007889992,752.849719749,1575.12592243,834.340775252,332.472383965,2533.79767353
207,207,3,10,19,F,24,438,im,syn,1768.94605047,1221.11756095,1589.19725448,588.15809705,315.550658141,427.009819379,1241.96508045,794.940783941,2060.70439677,2231.56226157
208,208,2,21,26,F,49,965,sc,syn,2486.25056299,1202.07949595,1923.0014496,1570.32657062,399.97530998,800.341491298,1681.38159264,718.090679404,5224.76631671,6487.92972731
209,209,1,20,26,F,20,499,sc,syn,1876.28023405,1346.48159138,1601.83563621,747.519402272,410.902779562,637.90284076,1428.10649776,777.87127502,2073.85473112,3196.1643283
210,210,3,2,13,F,53,989,vo,norm,2504.81073058,1254.64824282,2091.90780668,752.641611443,578.921707587,688.273137739,1708.37929004,794.475510662,1976.80489712,2131.70917043
211,211,4,26,21,M,34,924,jo,syn,1868.2331265,1682.32658689,1794.77351689,498.806130972,316.416553763,402.488696111,1275.95814402,1126.07929023,1217.78955624,1246.27079269
212,212,3,2,28,F,53,989,sc,syn,2865.75243294,1327.83214877,2318.31763211,1058.98725957,583.637442051,914.839914002,2052.6658028,843.618541999,2840.26363368,3132.10681063
213,213,3,10,5,F,24,438,jo,norm,2284.15413275,1236.58659005,1795.7075329,718.437682641,475.638545005,581.388030225,1562.28874526,806.714836074,1220.68793026,1369.91840372
214,214,3,9,3,F,31,913,im,norm,1961.85081103,1215.34979279,1640.29266402,963.323811675,297.798277168,681.05228862,1321.03826849,772.769802076,2602.53242245,2994.93629629
215,215,3,10,14,F,24,438,vo,norm,2440.44002472,1212.97427589,1862.84192301,992.014047973,438.458621188,752.619301376,1668.55084595,772.839411637,3576.21983163,4355.5149966
216,216,4,2,32,F,53,989,vo,syn,2937.06178975,2575.98765092,2785.40536222,402.902439359,106.545759111,243.550501908,2123.64167375,1776.12892423,1494.01124046,2189.93961613
217,217,2,18,28,M,30,992,sc,syn,2384.33496538,1216.38042604,1950.8846321,1085.16103025,214.14211086,779.186321936,1820.32415427,815.098488058,1727.02027455,2970.44284569
218,218,2,18,17,M,30,992,im,syn,2112.15819359,1401.93382589,1856.20029657,932.422775958,194.217650056,641.417143259,1520.89969649,852.306058371,1516.56180935,2743.69174724
219,219,2,18,1,M,30,992,im,norm,2053.49214481,1270.71652585,1713.11353313,896.85412106,193.134134151,637.24403081,1608.03787302,812.041803402,782.328735514,3309.84736931
220,220,4,22,6,F,28,524,jo,norm,1643.73615588,1010.35465412,1403.57183937,411.515777411,268.412754305,327.780609484,986.811617593,423.373096631,1431.7528376,1692.78494181
221,221,3,1,15,M,23,465,vo,norm,2421.13625614,1824.44614056,2182.08287059,1128.43756274,268.065033765,652.409377183,1560.07627503,1067.35069224,3221.05884417,2956.88941574
222,222,1,6,31,M,37,973,vo,syn,1955.22401726,1309.82882329,1667.18431078,984.088997163,481.678847873,764.20777643,1642.37297534,866.355837598,240.608094202,2768.93376702
223,223,1,4,29,M,26,958,vo,syn,2113.6432148,1274.05127838,1647.93066108,1238.58974202,556.104265356,875.352032306,1870.9687085,806.397270692,315.290302965,3353.28908608
224,224,6,28,24,F,41,662,jo,syn,1899.62399255,1194.17059909,1590.99167996,560.18552609,357.161589442,440.739007629,1379.10390671,775.834856027,2124.19703328,2166.01862432
225,225,3,7,20,M,25,839,im,syn,2157.42663351,1737.14665235,1928.95007097,762.235165986,484.396793388,619.012255069,1478.5488331,1133.76490463,1276.47888008,1362.54799405
226,226,1,22,29,F,28,524,vo,syn,1450.42237917,977.383369598,1220.58750152,771.125316212,180.329383179,457.057732297,1134.14154305,516.435524431,543.36866554,1780.74791322
227,227,1,4,17,M,26,958,im,syn,1770.34884254,1360.54471397,1569.93249602,938.339947777,521.399387589,712.730195894,1419.11676796,850.310345287,506.703562092,3561.67633224
228,228,1,4,16,M,26,958,vo,norm,2067.49333108,1290.79239457,1685.52311254,1143.5717674,402.899664751,778.373279989,1827.04355272,801.080013495,544.689420492,3332.1155867
229,229,1,4,15,M,26,958,vo,norm,1741.5642614,1324.91360375,1568.11083795,1059.99721932,482.523050104,790.227403845,1416.32503728,808.401654559,1085.84897478,4281.19746833
230,230,5,21,21,F,49,965,jo,syn,1768.14168585,370.372849114,1244.31234251,1277.40206585,292.249216108,830.224304159,898.475368888,79.2314066209,5803.75933263,5107.30999416
231,231,1,20,17,F,20,499,im,syn,1800.62891076,1341.47735953,1654.08467664,928.36542255,591.098141698,794.939805237,1490.86134829,809.889674646,195.868602496,1633.22081754
232,232,1,22,31,F,28,524,vo,syn,1316.5627084,766.580055008,1032.00583086,912.176297888,392.619797864,616.707978147,1068.69592908,283.712570947,212.024990875,1920.51488651
233,233,1,3,26,F,29,972,sc,syn,2151.37198295,1171.44338212,1718.3901065,585.142991264,127.970318317,234.243486275,1564.1581354,769.294215842,1426.25254055,1649.01855615
234,234,3,2,15,F,53,989,vo,norm,1936.94017241,1282.61261934,1657.49293919,862.10615142,467.390870497,732.993442439,1251.88371936,807.74372083,1495.59926433,1326.35139546
235,235,1,6,4,M,37,973,im,norm,2123.67094829,1271.25025127,1698.50551351,1082.0425019,507.433409991,817.484513434,1764.76802359,689.261284004,422.694301213,3375.55874959
236,236,3,8,7,F,20,262,jo,norm,2444.89385957,1308.78407417,1908.86381084,806.226709806,262.121539138,473.084585569,1763.07612889,799.911051513,3249.36539983,3572.82962237
237,237,1,25,20,M,64,879,im,syn,2055.16443291,1195.73371992,1786.61659742,1167.46503762,518.439673047,921.233523467,1744.12033016,762.280345832,486.146810806,4081.11052329
238,238,3,10,4,F,24,438,im,norm,1939.20263449,1212.50032811,1716.18693513,553.06380647,154.338653359,364.575907182,1377.72902966,787.83357794,1897.73762556,3661.28848561
239,239,3,5,5,M,30,563,jo,norm,2448.19724994,1839.53816045,2293.70799479,708.240456359,423.684032789,576.348697802,1612.5775669,1162.39168371,2096.66794579,1918.60570142
240,240,2,22,30,F,28,524,vo,syn,1547.2467547,757.536026199,1208.14425885,499.137044653,331.840463987,434.422589278,1140.87064874,287.738781746,967.109241478,1619.38928987
241,241,6,21,27,F,49,965,sc,syn,1590.49980917,1180.55134825,1434.29013998,558.742089943,416.245302401,487.836325098,1104.96343214,718.256898927,3053.99394067,3265.87317833
242,242,2,7,8,M,25,839,jo,norm,2388.0447575,1323.14049825,2016.95419019,791.274235815,426.187627256,596.066396883,1625.68611982,885.7535272,2592.40993787,2613.43048255
243,243,1,6,14,M,37,973,vo,norm,2189.16011923,1322.5698675,1875.98440694,1141.60363192,518.720461055,900.805632647,1894.25276602,874.686000479,529.384977528,4647.53926636
244,244,3,8,8,F,20,262,jo,norm,2288.30234689,1293.07336939,1935.20495825,744.089113284,433.986915335,535.449090575,1823.35405133,832.207189426,1583.90093709,3833.50412136
245,245,1,20,4,F,20,499,im,norm,1854.03703928,1358.58492583,1676.62330975,958.526199507,565.664746246,786.457679243,1540.18067424,798.314240876,753.076741502,4194.65966619
246,246,3,3,5,F,29,972,jo,norm,2085.37838293,1357.24753216,1866.23503432,550.469050609,240.548163166,398.020450109,1474.90318869,915.247826993,1126.49275805,1387.05565215
247,247,2,5,12,M,30,563,sc,norm,2282.91980762,1487.97626439,2055.93023645,1169.71061802,392.435213959,711.791522746,1567.10935526,901.808953421,2508.92079554,3614.809253
248,248,2,22,15,F,28,524,vo,norm,1630.69354572,756.23440053,1256.14917921,675.6576599,241.007727547,488.239487236,1126.72656566,294.852354016,1557.06075172,2393.91621713
249,249,3,8,26,F,20,262,sc,syn,2401.24445407,1302.48763487,1861.30416951,805.28745276,248.762076018,461.073106396,1728.14458597,816.734486887,4024.21713714,4607.55876406
250,250,4,22,9,F,28,524,sc,norm,1468.33082489,738.06196307,1201.15896699,554.636491142,195.168226824,395.122003593,825.91670239,316.12074738,1468.56164948,1156.62688029
251,251,1,3,29,F,29,972,vo,syn,1919.14657717,1382.29390484,1718.62447996,986.187996457,642.723878898,840.221416628,1690.79275873,785.994082167,312.316278547,2175.75208834
252,252,1,2,22,F,53,989,jo,syn,2106.75890093,1738.66710371,1909.87432668,1139.24604786,797.68152261,941.863740815,1826.25506536,824.242940859,341.719584798,2060.76095158
253,253,3,3,30,F,29,972,vo,syn,2573.06302553,1770.34434997,2319.13035427,692.727367224,493.750821658,606.375738488,1796.20127902,1189.60649025,1767.52627912,2104.30070291
254,254,4,22,7,F,28,524,jo,norm,1742.57866889,805.218059726,1441.06113699,545.977248483,222.440598841,319.970194218,1143.87621422,331.215461311,2380.79993315,2129.62577981
255,255,1,25,29,M,64,879,vo,syn,2123.91023849,898.419556652,1606.63110189,1272.15968851,565.581995987,905.979302612,1822.04369198,-0.486080574415,422.760951652,8453.46985187
256,256,2,7,26,M,25,839,sc,syn,1963.54279863,1742.87772429,1842.55254095,922.926086147,333.708419864,575.05762848,1521.90606841,933.322272185,1323.58467974,1300.88699414
257,257,3,25,12,M,64,879,sc,norm,2375.59939854,1574.65639922,2145.8748651,880.336648062,407.352415082,599.378145084,1569.63585558,916.552847335,2660.72296851,2747.79108057
258,258,4,25,13,M,64,879,vo,norm,2202.9569202,1448.66657063,1911.45973841,601.132139629,295.714205711,441.179035569,1479.84584441,895.742859054,1870.50792018,1754.46913857
259,259,3,10,10,F,24,438,sc,norm,1784.19649517,1195.58873018,1587.95800247,565.765473494,192.992527574,372.894561854,1251.39262591,763.076629025,4233.34362142,3807.34406201
260,260,1,25,22,M,64,879,jo,syn,1863.7030297,1533.60342469,1719.66047817,963.440125312,581.909214376,770.533986387,1515.4411312,816.891885209,324.513456844,2399.25721211
261,261,2,1,29,M,23,465,vo,syn,2214.90525035,1681.81664963,2082.957708,490.761807711,124.051216762,248.738796255,1445.86851939,1022.6457175,2388.01762204,2404.15045192
262,262,4,22,24,F,28,524,jo,syn,1901.0750202,922.153542672,1555.26365128,514.624301142,246.170434594,339.843998415,1237.02060584,331.695007841,2097.57886487,2079.16277098
263,263,2,1,11,M,23,465,sc,norm,2118.49998459,1517.82365825,1941.41116017,402.711995677,117.934232131,211.892967726,1367.8428812,942.076285143,832.51317924,943.852094932
264,264,1,25,17,M,64,879,im,syn,1860.59374053,1212.55567839,1635.77047747,1024.08707631,537.747347122,796.353749267,1474.20522673,763.544005186,262.349495536,2754.11844311
265,265,1,25,26,M,64,879,sc,syn,2135.38949602,1197.18165743,1800.91273867,1322.08138254,526.474604118,939.093921741,1863.01269122,749.876958911,724.299142852,6821.96868854
266,266,2,18,3,M,30,992,im,norm,2010.03444812,1264.98602914,1737.88649966,1102.47064353,208.707314966,763.294384374,1683.72360937,811.68322655,817.048038771,2933.20971609
267,267,1,18,9,M,30,992,sc,norm,2098.35294613,1602.79580229,1927.33520853,1173.66093234,565.675928321,968.024052454,1786.84091166,816.132585167,712.221318054,2014.2238332
268,268,1,6,5,M,37,973,jo,norm,2003.96420971,1308.63666171,1708.85071201,1080.50732679,514.735087958,821.305171849,1680.15834496,834.179535924,386.75993828,2801.61535097
269,269,2,26,23,M,34,924,jo,syn,1964.24333977,1650.3138266,1779.38521848,545.192985028,313.124286695,423.869947248,1358.09094241,1019.56613339,2557.22541112,2762.24141541
270,270,5,21,32,F,49,965,vo,syn,2310.36111351,957.392401233,1663.02419171,1376.85165545,134.718858721,836.591923629,1955.8139206,417.832829189,13207.8720266,3413.67023227
271,271,1,2,21,F,53,989,jo,syn,2852.00408944,2080.26244043,2480.3697141,378.887358472,226.508975849,292.423222171,2019.56713219,1298.53648926,3020.99323541,3067.01727678
272,272,2,20,15,F,20,499,vo,norm,1719.04845846,1333.94735265,1585.04648129,684.368432875,211.044664401,434.250608334,1267.43611083,781.984117921,1218.87708819,1514.81736704
273,273,3,9,21,F,31,913,jo,syn,1566.85082236,1161.6810621,1394.77902915,360.417318979,121.024126152,207.162159297,1154.28731827,780.176579604,1171.70118806,1179.1726569
274,274,1,6,1,M,37,973,im,norm,2360.21448879,1374.74746441,1916.84015982,1334.16271324,599.693538185,946.434941614,2114.18608316,888.428015127,372.144014813,4134.14870144
275,275,4,26,18,M,34,924,im,syn,1892.82000133,1472.31945719,1711.79291123,560.955255215,170.749549056,366.461931736,1332.86201001,795.640463475,3080.77176395,3070.30902811
276,276,1,6,29,M,37,973,vo,syn,1957.19954932,1360.32775779,1744.89270186,1042.73875604,518.942103905,849.708692847,1621.69993167,880.353910642,128.393244023,2050.73028302
277,277,1,18,14,M,30,992,vo,norm,2127.220479,1355.53788411,1814.81956635,1286.95011691,289.326502328,893.441297059,1847.26341067,780.712743804,929.301732711,4321.12806451
278,278,4,5,17,M,30,563,im,syn,2224.61526317,1254.34053503,2001.88244498,691.503541986,101.170784213,353.275678384,1582.83818912,816.759007151,4730.24842278,5735.36388565
279,279,1,4,1,M,26,958,im,norm,1859.63996859,1317.73147429,1659.42502852,1023.91408319,676.575429263,867.001774033,1499.38994238,797.833651756,807.011060869,2710.86043847
280,280,6,21,10,F,49,965,sc,norm,2157.33580514,1174.01203868,1871.91925845,1316.48535387,477.686355361,955.23845774,1420.92304512,733.421648216,6639.99550638,6586.82591901
281,281,2,2,23,F,53,989,jo,syn,2315.09929472,1650.02404152,2005.98454392,620.01823006,250.832237746,371.383168195,1704.11757311,1046.15959182,1650.64680207,1853.33032979
282,282,1,6,28,M,37,973,sc,syn,1986.61589366,1302.20499,1734.40602144,1108.77903803,504.208145577,851.99328273,1625.28064333,848.900629123,180.670618106,2682.0491063
283,283,2,28,2,F,41,662,im,norm,1848.61369688,1211.46305534,1607.82350563,858.472913639,410.572493821,650.54681171,1542.52935701,799.743744968,3511.52008889,4684.35259421
284,284,4,10,3,F,24,438,im,norm,1950.52569236,1304.96122574,1702.71750203,1040.90176473,239.763612442,718.989642986,1321.58127519,846.377852117,3188.67330743,3625.1571312
285,285,4,7,5,M,25,839,jo,norm,1714.35725999,1534.64846056,1638.86962151,624.35075856,516.731853988,561.387903702,1163.1257437,1012.95978458,339.376213791,299.061011246
286,286,4,1,28,M,23,465,sc,syn,2452.05183228,1467.11313721,2008.75200394,403.458318593,62.1000133268,219.275268304,1626.09258507,826.456147188,4602.7076744,4335.97059942
287,287,6,5,11,M,30,563,sc,norm,2431.98125306,1226.91858568,1934.05457594,670.233821593,228.325151507,437.614281997,1712.7799967,797.880785704,3944.96824652,4468.89798413
288,288,4,3,6,F,29,972,jo,norm,2110.54642724,1522.77905023,1921.19102964,200.412532941,86.1369434726,107.178486951,1488.82519395,1043.18035642,1387.33482403,1505.53224703
289,289,2,25,5,M,64,879,jo,norm,2337.3080503,1620.26934154,2050.54651538,908.665326632,203.873999072,476.041994666,1586.30020068,962.942999245,4550.14013372,4196.56431265
290,290,1,22,32,F,28,524,vo,syn,1319.38506989,771.17160973,1060.28069226,960.255264514,392.623159018,679.460224548,1040.14880319,278.661797437,264.140438338,2224.43488374
291,291,1,6,12,M,37,973,sc,norm,2274.80532159,1305.69771004,1817.54121947,1246.14145359,486.097471719,858.129266521,2035.71243935,867.149419177,177.627027609,2677.86259107
292,292,1,4,14,M,26,958,vo,norm,1926.32679911,1679.43709388,1841.0274703,1077.11087823,736.35956555,970.20954965,1632.24776382,816.534749646,1182.45484075,2294.94555631
293,293,1,20,2,F,20,499,im,norm,1939.81425236,1345.40857711,1592.51926691,1061.40392455,516.56482906,761.254191757,1633.49270316,793.868146433,118.946180799,2029.34257422
294,294,6,1,18,M,23,465,im,syn,2138.46245848,1803.83034081,1934.38458113,302.478841801,106.509316955,142.629728279,1375.67567039,1100.26896613,6637.67471189,5868.72596041
295,295,4,1,24,M,23,465,jo,syn,2688.36107821,1388.71392374,2173.91254369,425.964569692,138.537390053,282.985247164,1871.28623501,864.527013477,1811.04883627,1991.3682465
296,296,1,4,31,M,26,958,vo,syn,2018.09024336,1619.61860015,1860.66165597,1109.21861701,711.602498239,931.365546175,1772.88596735,802.681166469,416.476458318,3687.50616732
297,297,2,1,4,M,23,465,im,norm,2531.06661982,1414.22378928,2193.19845676,733.554961812,131.384619497,313.890015674,1688.08408266,853.222632522,4563.18034673,4477.79601757
298,298,4,7,16,M,25,839,vo,norm,2158.14353084,1642.62516194,1933.89919428,489.768805232,300.123855149,375.913617573,1484.31339772,1094.98765693,1714.38786585,1733.07124096
299,299,4,8,6,F,20,262,jo,norm,2224.68804034,1289.61064883,1732.01134983,610.032812657,366.239702636,446.989791431,1599.48522064,799.152748322,2263.79978965,2742.38992418
300,300,4,9,13,F,31,913,vo,norm,2865.0227293,1141.35174988,2058.49370115,744.562617846,27.3537112567,342.899727582,2040.99616476,755.136399724,4417.18985517,3545.96516239
301,301,2,25,18,M,64,879,im,syn,2332.62627742,1759.57797321,2080.48722932,767.191906531,330.673549265,558.675606829,1634.48453825,1070.71806854,2683.33243084,3048.91917889
302,302,3,10,18,F,24,438,im,syn,2323.42020632,1210.26977354,1592.56049156,615.071772799,272.245064652,403.075627005,1565.27213727,667.118980615,3048.80470485,2957.80469713
303,303,2,26,27,M,34,924,sc,syn,2206.18390663,1577.20987626,1945.21276377,640.469078011,203.116940854,430.092025567,1556.11798879,1021.99540531,2394.93372007,2830.69746685
304,304,4,5,32,M,30,563,vo,syn,2502.42737661,1247.67102135,2061.99304282,721.479961205,227.328704726,456.120308319,1745.59657378,808.867164843,7457.05232284,7746.47484177
305,305,6,21,25,F,49,965,sc,syn,1348.19290168,1147.04961157,1254.08083038,619.909106927,376.261710968,493.960192962,907.153129895,672.527905716,1819.56379719,1812.84732262
306,306,4,22,1,F,28,524,im,norm,1533.14982502,845.682492379,1251.77746893,455.905503601,225.801031111,354.979672571,1026.98837901,435.360804416,1236.72235076,1619.91387554
307,307,4,5,10,M,30,563,sc,norm,2361.27476354,1303.85505358,2120.4074798,696.177300497,143.07480956,365.401700392,1626.62559615,828.524770091,4096.85230404,4129.30129701
308,308,4,9,27,F,31,913,sc,syn,2626.83428706,1167.27346267,1995.60622201,513.289177007,92.8963519765,278.399319274,1883.54534654,747.843449796,3200.75508499,3524.84667695
309,309,2,22,16,F,28,524,vo,norm,1683.17432054,730.561800773,1330.54793678,631.65321103,297.336371119,412.987296742,1111.76615693,323.502300885,1995.50348456,1636.77975138
310,310,6,9,23,F,31,913,jo,syn,2309.51958818,1437.98332155,1964.14221886,539.158589601,134.800203311,258.723425561,1704.46871607,897.353164406,2393.46688526,2466.64478929
311,311,4,22,8,F,28,524,jo,norm,1585.81743557,729.787444054,1235.21758676,640.120019283,195.36045213,383.169612674,995.012131951,297.908154283,2253.31843802,2151.69077991
312,312,2,18,11,M,30,992,sc,norm,1909.55293095,1563.97402166,1798.89946734,885.317909791,229.478695418,648.693096775,1551.4703088,991.742235343,904.849604494,1806.87724201
313,313,3,3,13,F,29,972,vo,norm,2646.28369626,1232.76775218,2007.74180496,778.942949483,357.364043038,557.121017365,1861.14103042,810.176402848,2201.27129833,2225.26259538
314,314,1,6,26,M,37,973,sc,syn,2100.47713937,1312.54562298,1771.76751972,1056.13688708,494.129251929,801.932268315,1837.15197647,873.511206777,166.970827027,2926.41354642
315,315,2,5,16,M,30,563,vo,norm,2240.52198376,1218.46345846,1790.67973617,1043.7033275,253.264518487,640.302892871,1510.63902128,781.398056581,3419.54097032,3260.06041738
316,316,3,5,9,M,30,563,sc,norm,2692.67690485,1308.20741598,2182.73861742,1469.09863494,149.480869979,747.137329627,1815.15282197,839.841608192,9139.71279761,8961.14405813
317,317,3,9,14,F,31,913,vo,norm,2486.09469668,1471.12074671,2217.96547215,274.711130728,159.869374091,214.851337489,1734.70600036,894.991356724,3878.93815811,4067.24470292
318,318,4,5,20,M,30,563,im,syn,2204.72218922,1386.41877201,1888.38121399,490.779187791,285.241147846,363.057164281,1441.42550113,900.021876796,2121.37687684,2027.6350766
319,319,4,7,1,M,25,839,im,norm,1880.47665718,1517.68463579,1810.59270155,398.541631488,290.718417165,319.838087875,1312.5303755,1035.94183741,1438.49963483,1265.596309
320,320,2,7,17,M,25,839,im,syn,1850.54433591,1431.40407191,1738.54347551,715.995353981,281.043833911,548.30387839,1258.96090218,888.730738516,1873.6349676,1278.17800264
321,321,1,6,3,M,37,973,im,norm,2067.70206778,1401.49519262,1800.28781145,1065.35525566,546.500843676,867.846411954,1777.8379491,892.544270171,299.471800186,3138.06367316
322,322,1,4,13,M,26,958,vo,norm,2137.73936787,1338.92876628,1719.45034021,1209.6396598,479.455106056,915.375750935,1890.17558094,843.910905924,361.163568315,2686.54924277
323,323,3,3,17,F,29,972,im,syn,2228.71438179,1582.75196622,2017.56891889,254.601455844,109.287049557,155.93276783,1569.81532259,1063.38910154,1409.60080859,1409.516646
324,324,5,21,16,F,49,965,vo,norm,2645.32310596,1214.67243433,1948.55753399,1391.35574204,351.63386788,893.034006559,1941.32393228,774.983176773,6698.90202486,6177.44316802
325,325,2,18,2,M,30,992,im,norm,2204.58060685,1362.32744328,1931.16178163,1078.71159341,174.416891962,646.861087893,1601.35820322,900.544708939,1242.97303364,2133.90342647
326,326,3,25,10,M,64,879,sc,norm,2449.90789822,1231.19583425,1846.61584908,1161.98202715,405.749555709,756.187001664,1674.82574152,774.157478914,2368.12793523,2542.27262254
327,327,4,9,2,F,31,913,im,norm,1709.18225422,1119.52282241,1471.45670693,920.8075299,225.705747059,615.038760537,1214.13188715,694.366889141,2141.71993141,2268.76583232
328,328,1,4,25,M,26,958,sc,syn,1877.66181015,1510.22313758,1682.56562281,982.740973131,538.516832726,771.274278801,1586.11443622,841.95409356,416.935621921,3388.27072471
329,329,3,9,28,F,31,913,sc,syn,2387.65878154,669.953665412,1740.59703955,385.998959498,163.227236608,214.577180453,1674.18036209,304.867648482,2670.76372827,2865.27419671
330,330,1,28,20,F,41,662,im,syn,1328.50288158,1187.55080068,1245.27417035,539.767317558,457.730239282,479.622720003,1020.05532263,779.794373526,444.061546429,111.23791281
331,331,4,26,6,M,34,924,jo,norm,2188.4758888,1696.61319223,1943.84886804,789.864818574,472.289419932,648.936764325,1505.59876015,1116.28152007,2490.7095994,2744.00646485
332,332,3,8,1,F,20,262,im,norm,2273.56781306,1323.20565472,1837.71137451,757.281415339,228.242165515,518.656685163,1617.56236094,805.397746322,2621.2687201,3040.42395787
333,333,3,5,28,M,30,563,sc,syn,2285.93689711,1273.3236795,1945.01344597,617.752570802,267.385751722,431.397112662,1569.37206867,825.298114366,2925.74048235,2937.33789845
334,334,1,6,20,M,37,973,im,syn,2151.50698469,1301.69686095,1837.4148014,1178.48188894,548.028882384,952.44849086,1812.47665643,815.039275691,457.901306385,3437.5617146
335,335,4,9,11,F,31,913,sc,norm,2293.74143798,1150.78908983,1745.22767672,752.679888056,149.710139715,464.092556533,1640.42214328,737.483812404,3660.20455943,3860.4457889
336,336,2,8,10,F,20,262,sc,norm,2344.92887458,1315.79032452,1896.8776147,832.089191067,418.000821301,598.612128916,1766.19334531,791.529761161,1647.40459278,4929.99679171
337,337,1,6,25,M,37,973,sc,syn,2076.4666073,1300.05069653,1788.47967762,1078.68364845,490.602688321,835.272482068,1781.19699405,862.846271747,266.665862029,3235.555627
338,338,4,7,2,M,25,839,im,norm,2094.18985863,1606.15595891,1856.31530763,493.910177754,411.371954195,450.404736785,1446.66345922,1072.58669485,965.323369468,871.441568298
339,339,4,7,29,M,25,839,vo,syn,2147.40921147,1697.80520645,1954.52351888,434.451003252,330.715601424,382.96936743,1465.7950914,1144.89544184,1632.51179846,1564.45417535
340,340,4,26,2,M,34,924,im,norm,2082.01128001,1689.2481764,1820.90506976,537.543868774,267.999708323,387.250301434,1455.28433317,1108.17263239,1416.88423185,1595.02007883
341,341,1,4,22,M,26,958,jo,syn,2004.83387307,1417.13172415,1690.61663235,1033.86050145,447.835684302,722.053712214,1733.79495022,801.595510415,277.302554353,2246.87349482
342,342,2,26,8,M,34,924,jo,norm,2093.69527856,1650.61344807,1910.95209332,597.684169758,315.531743215,416.677754426,1452.05279134,1117.85589363,2116.70452948,2094.37772873
343,343,1,4,3,M,26,958,im,norm,1714.05585814,1332.68900453,1572.69232026,1021.97770783,447.910114979,765.496357199,1343.6686699,800.308212016,1105.65095779,3128.17611877
344,344,4,1,30,M,23,465,vo,syn,2238.83957742,2026.33451272,2110.73612046,373.200953183,193.389003579,271.607854932,1490.77460726,1150.48443947,2617.98826831,2660.79896139
345,345,3,10,9,F,24,438,sc,norm,1906.80746606,1198.7484899,1550.56295009,1211.51020302,495.867032629,936.721079426,1233.90160578,759.624611508,1837.2299682,2132.98054605
346,346,3,8,9,F,20,262,sc,norm,2396.73819493,1307.64138017,1857.19844663,677.879874472,284.884995607,493.407114359,1714.02639352,827.07744795,3693.09583542,4062.41995729
347,347,3,5,27,M,30,563,sc,syn,1759.30560646,1254.07781688,1510.60181416,800.730433536,126.263757893,419.046043158,1162.44045733,817.772053675,3669.87289943,3600.95857103
348,348,1,22,13,F,28,524,vo,norm,1459.1249492,870.332312881,1203.74037591,1067.69091698,430.590335714,796.394344077,1256.70795597,279.650190676,341.799596972,2510.75567079
349,349,1,2,3,F,53,989,im,norm,2586.68097568,1486.47362444,2074.88374549,1144.55858961,371.948268319,706.184713968,2149.61145147,824.382723729,1545.12566254,3011.95684833
350,350,3,10,12,F,24,438,sc,norm,2380.95281941,1209.39277627,1716.71723681,1162.66265664,411.554329937,627.3102953,1687.04211475,780.850884812,4344.76705836,5126.81016442
351,351,2,26,32,M,34,924,vo,syn,2136.19379399,1634.04804278,1966.0348618,437.321894684,279.423192502,339.038608494,1445.79870303,1112.86770635,1926.64729452,1643.07911216
352,352,3,5,7,M,30,563,jo,norm,2469.54521915,1287.98083039,2233.51303346,1192.38483105,327.404023923,721.541657024,1651.79380245,828.182644766,5077.38717618,4806.86850135
353,353,6,28,28,F,41,662,sc,syn,2232.43312433,1326.03599591,1944.27054853,1053.86530194,456.276422499,858.008012501,1644.78777076,797.905175575,3521.22524901,4121.76201413
354,354,2,28,4,F,41,662,im,norm,2265.07113524,1202.8617835,1841.38087432,937.27568268,426.917627629,704.011636037,1573.64095299,771.449586502,2527.58669029,2949.49634754
355,355,2,26,31,M,34,924,vo,syn,2189.06942266,1636.33035458,2067.03993949,606.307907163,329.683729983,500.077491099,1611.88048693,1069.62775424,2455.36562835,2897.16707523
356,356,3,26,19,M,34,924,im,syn,1792.88360755,1439.85104891,1662.95221397,597.16527539,250.172954655,412.893216579,1218.66365101,851.915682444,2170.85123215,1966.2434329
357,357,2,7,18,M,25,839,im,syn,2258.46109137,1572.64536561,1989.32627437,1017.56807011,629.413687652,804.847822853,1654.82822189,921.705248876,1440.24556403,2105.50799852
358,358,4,1,14,M,23,465,vo,norm,2426.96310844,1607.15814861,2147.2952503,471.315667555,9.97427353742,198.948471692,1608.38372711,973.31851761,5510.417395,5608.53342096
359,359,2,18,10,M,30,992,sc,norm,2122.90035353,1226.64973183,1801.48701989,912.887991371,188.941812171,522.028568636,1536.58172566,821.292947151,2799.36644455,3235.16240913
360,360,2,18,21,M,30,992,jo,syn,2179.87290358,1442.8158777,1856.15707744,914.644982982,286.319897411,661.239801427,1585.91811974,926.354127073,924.401879994,1591.48161083
361,361,2,28,17,F,41,662,im,syn,2060.19713513,1521.00615863,1837.89717866,934.071240121,489.744852763,658.233922776,1590.0201189,790.710711629,2131.16678069,2674.24439285
362,362,6,28,26,F,41,662,sc,syn,2196.34571894,1154.30418505,1667.00100125,816.530331404,366.533384461,719.223184039,1534.65488108,776.257604474,2100.30854524,2482.86687713
363,363,1,20,23,F,20,499,jo,syn,2161.33529891,1578.13435762,1982.59485343,736.445271616,255.305165037,466.523875509,1507.67626692,808.159257604,1796.29383259,2405.81283038
364,364,3,8,23,F,20,262,jo,syn,2325.93455433,1293.1617506,1789.9778224,634.358531456,192.811543748,376.136329014,1668.27841138,823.12951198,2943.71951103,3270.98814615
365,365,3,25,25,M,64,879,sc,syn,2451.60544788,1257.53063476,2021.85689212,1245.35129884,233.350879163,747.884104774,1833.32114211,792.310792941,3414.6190898,3531.98126742
366,366,3,2,14,F,53,989,vo,norm,2739.15561845,1337.44395553,2345.53925516,1174.29955643,581.735282972,994.268633392,1913.88687746,842.688351733,3277.32519745,3364.6562609
367,367,2,18,20,M,30,992,im,syn,1982.44777218,1372.67640864,1773.02494186,977.736624236,195.222887717,635.416827586,1349.83820158,826.24765843,1360.75000426,1930.82787558
368,368,3,3,19,F,29,972,im,syn,2268.4439553,1243.63278449,1885.191737,417.265779112,109.237481509,227.887589355,1678.61205994,835.873816226,2426.90916289,2785.03548331
369,369,1,2,9,F,53,989,sc,norm,2251.91370718,1507.55242791,2009.71040537,907.900886563,554.344505179,743.303412254,1798.47275527,893.788793893,968.837368401,2570.39007509
370,370,6,20,8,F,20,499,jo,norm,1904.80113978,1425.96437274,1787.73860095,590.101478673,241.003107761,402.234784074,1362.32998279,909.6250001,2041.05472439,2004.27923691
371,371,2,18,29,M,30,992,vo,syn,2133.93356032,1573.51953095,1945.54108392,1190.56702019,353.727100556,844.324938162,1584.03326747,934.225783045,944.98885604,1793.49302328
372,372,3,1,32,M,23,465,vo,syn,2508.45188628,1655.51938686,2216.50908259,1335.83595184,119.691405976,628.383889895,1719.47652076,1075.48404379,1839.27832143,2052.95357018
373,373,4,3,9,F,29,972,sc,norm,1754.85367579,1446.83755576,1581.76284523,332.544789171,289.48505881,299.011530932,1217.72188831,943.468260373,260.751029861,356.142595689
374,374,1,18,16,M,30,992,vo,norm,2443.38148417,1218.23000947,2004.46168407,1373.50687299,232.707787608,931.344215104,1854.68121656,787.370280597,2024.68156729,4266.92461699
375,375,2,7,25,M,25,839,sc,syn,2017.6691744,1398.001569,1790.09182122,1012.94967319,506.430994182,787.492538314,1390.15536175,922.321868989,1398.55959281,1324.40245769
376,376,3,10,29,F,24,438,vo,syn,2661.05376758,1439.59972833,2294.31142196,1024.72205843,442.644428459,655.339924999,1888.34740726,930.528000847,3205.7666388,3523.47793022
377,377,2,7,7,M,25,839,jo,norm,2098.10463124,1694.00326313,1930.13447986,890.222364445,585.151542409,716.05383261,1496.95052947,1021.89374723,1681.12962787,1701.88190427
378,378,1,6,17,M,37,973,im,syn,2126.66493854,1287.10532436,1818.46316726,1122.73722338,486.260871088,883.608658407,1842.07141323,850.539544172,324.923402509,4293.26424652
379,379,2,20,21,F,20,499,jo,syn,2129.21857483,1341.15475606,1764.16227375,940.518611336,416.963918529,656.080122072,1596.54131462,796.183527524,1636.59216571,3111.40878802
380,380,3,10,6,F,24,438,jo,norm,1635.75519907,1198.51424303,1445.59299099,730.77409492,483.311614395,618.474050879,1122.6615922,780.597721634,1182.95174657,1086.31882537
381,381,1,6,18,M,37,973,im,syn,2108.6594377,1290.74046433,1812.49572545,1078.90551078,515.663134564,838.627713709,1846.82321887,844.493224015,295.604249844,4211.71208277
382,382,4,9,17,F,31,913,im,syn,1860.91093563,1086.92975691,1521.04775239,658.615635312,122.993984217,305.966866729,1263.37709145,729.724334971,3181.89920232,3546.78121991
383,383,2,18,24,M,30,992,jo,syn,2021.54743363,1418.57563837,1751.71636898,942.822087335,212.153210593,645.735770172,1510.49383278,887.700999745,1618.78242217,3099.83216062
384,384,3,1,17,M,23,465,im,syn,2868.17353662,1465.28821578,2207.44794061,1407.9282444,188.479025628,868.597520527,2004.88767993,861.847113876,6328.58616369,6462.05815789
385,385,3,2,29,F,53,989,vo,syn,2751.5177974,1325.88350711,2281.08834935,1292.80059655,463.072877157,849.143925177,1855.62599892,851.502321474,1831.60319015,1877.06957206
386,386,4,26,22,M,34,924,jo,syn,1990.38737239,1642.7040507,1858.67163054,701.873922424,360.718983903,531.058372234,1397.18695464,1102.59265239,1875.17211305,1829.47449215
387,387,2,26,15,M,34,924,vo,norm,2135.72768749,1627.92009265,1943.61008639,926.396755376,404.455318963,609.238328222,1460.90527528,1097.81673687,3269.53979514,3266.91128316
388,388,3,25,16,M,64,879,vo,norm,2578.87051711,1771.21694661,2161.97331781,781.467801717,357.565928132,477.407166143,1759.53803588,1085.54191521,2478.36725779,2500.53696008
389,389,4,25,2,M,64,879,im,norm,2195.39451347,1205.16166894,1756.99989645,703.835308593,142.0636794,356.900630681,1481.95196627,762.048951768,2875.51055866,2810.97692077
390,390,3,25,3,M,64,879,im,norm,2486.94100552,1483.5492122,1994.6974597,407.917415296,239.421979673,307.899494921,1703.32821479,902.760271944,3912.51304142,4022.31394276
391,391,3,7,31,M,25,839,vo,syn,2541.95756988,1491.6593046,2128.09552752,585.343973642,442.81677186,511.311146989,1782.04472427,990.635272072,1592.61046861,1460.110181
392,392,2,20,9,F,20,499,sc,norm,2205.49747956,1327.60983377,1812.55234653,601.357022747,195.191224166,310.957748641,1541.94986076,797.408999718,1880.37901266,1850.81224498
393,393,3,9,29,F,31,913,vo,syn,2731.105873,1501.09527011,2232.94338317,347.396654071,197.47324527,248.107160405,1949.43544522,1002.06340772,1548.96023932,1578.14511284
394,394,3,8,4,F,20,262,im,norm,2332.25655968,1318.45231528,1831.22627959,749.070230711,373.411463364,549.731508614,1690.13260563,796.864276623,2313.43994354,2794.76054627
395,395,3,2,24,F,53,989,jo,syn,2084.64729223,1419.65557878,1841.74369622,851.762098465,348.111072784,696.945393714,1453.91076175,899.403607226,1719.72227901,1395.45692276
396,396,1,20,6,F,20,499,jo,norm,1784.76259269,1359.28501373,1582.55104928,996.855702187,566.342705817,772.543077408,1437.894812,786.119612993,579.75271144,4347.85344219
397,397,2,20,5,F,20,499,jo,norm,2146.0527964,1340.10760899,1655.81511837,783.903873076,351.841382976,598.285022999,1736.99784575,793.038661229,1230.15923856,2367.71233027
398,398,1,4,5,M,26,958,jo,norm,1848.56419906,1446.92505019,1681.24831135,886.031364389,523.884873556,721.4639665,1557.87665369,842.395188397,230.631971903,2522.86308473
399,399,5,21,3,F,49,965,im,norm,1860.67594109,1181.71595925,1582.94997241,617.473326912,310.523949556,497.318539018,1197.69922579,745.490276212,5123.07612761,5216.92558397
400,400,3,1,31,M,23,465,vo,syn,2305.76360469,1637.55799114,2039.65113275,671.151769997,356.197659554,529.312471677,1519.6087571,1016.28673635,3648.37772497,3774.73468713
401,401,4,9,19,F,31,913,im,syn,2215.02272645,1168.55108595,1809.7944792,621.777794425,156.40500924,317.776929835,1546.61018957,741.305027867,2435.03710545,2629.29076819
402,402,4,8,21,F,20,262,jo,syn,2007.12157919,1306.99066194,1588.59307105,646.34600328,150.321036977,368.037205953,1458.58422402,806.83053862,2404.50000379,2338.11890841
403,403,3,5,22,M,30,563,jo,syn,2385.96662012,1329.60329452,2202.83235296,686.316190426,349.818979456,514.425647091,1650.09370122,853.473671277,7059.1847861,6673.13025436
404,404,4,1,21,M,23,465,jo,syn,2095.99158418,1787.79864974,1946.10615047,424.990755329,67.1142455111,216.738981498,1393.25384972,997.464372748,3362.83567721,3431.9580211
405,405,2,7,24,M,25,839,jo,syn,2300.48067624,1741.03118521,2035.41381005,1488.27070686,443.818110686,1005.10516512,1483.3802277,1176.39404796,1128.24396337,1301.93989307
406,406,2,18,22,M,30,992,jo,syn,1851.9119842,1281.84045871,1578.07596094,996.448359305,176.717041854,625.049020475,1311.98174529,861.19971479,1007.41870623,2272.40247237
407,407,3,9,25,F,31,913,sc,syn,2549.49259662,1284.63670932,2047.20699003,804.289034949,101.94239524,346.554073887,1786.7579575,822.583455969,3674.82344803,3451.2660307
408,408,1,22,12,F,28,524,sc,norm,1404.36917246,909.969861069,1212.82693362,710.183452362,353.733987919,518.037355851,1054.1573516,312.128340138,280.27085255,1722.40479168
409,409,4,5,3,M,30,563,im,norm,2516.29468592,1278.23238608,2096.0059276,702.627573432,230.118674933,319.873800328,1799.87108591,807.028498129,3858.05881884,3539.69954427
410,410,3,20,25,F,20,499,sc,syn,2109.30032666,1333.61748455,1650.22276313,729.236057018,287.453239568,487.700138493,1592.37617302,791.448344765,1712.41907837,2960.64848621
411,411,3,3,14,F,29,972,vo,norm,2023.26297188,1380.25177643,1789.39179239,400.113398845,118.912619728,186.614260712,1454.57114557,930.442000272,1293.44916623,1606.1448835
412,412,4,3,21,F,29,972,jo,syn,2053.73005837,1181.46399242,1704.41331129,565.589092877,114.154644394,256.54893751,1482.73988119,788.436028967,1958.39684245,2557.81307008
413,413,3,28,27,F,41,662,sc,syn,2312.92453833,1151.57822531,1662.51327731,921.743694514,409.363802825,771.289224133,1683.42684965,747.209984711,3572.0040284,3500.59184662
414,414,1,3,8,F,29,972,jo,norm,2012.86774486,1165.80156362,1718.28373335,1044.89045453,263.071359179,730.862144305,1694.76410538,778.079475277,1855.12430778,4170.99576849
415,415,4,22,5,F,28,524,jo,norm,1487.7996306,721.095719175,1134.81972783,561.097145946,215.442156803,335.326760846,916.088625137,290.792457366,2105.63616654,1934.12276079
416,416,3,8,32,F,20,262,vo,syn,2556.20620438,1355.36883887,1963.23575778,786.692138186,208.77191226,434.213360779,1796.8658025,823.407698107,4132.3068341,4162.45225743
417,417,4,1,1,M,23,465,im,norm,2378.29339289,1416.30818827,2086.1165326,1118.70321512,539.4425847,813.703040308,1563.04585541,883.62378184,1802.21406997,1729.96811114
418,418,2,5,29,M,30,563,vo,syn,2151.85005293,1199.70108971,1908.50115034,1013.88042038,353.484151866,685.098067865,1450.80107885,796.553101745,6406.52850364,5970.46069314
419,419,6,9,6,F,31,913,jo,norm,2351.74537378,1845.105524,2160.68903716,574.757935029,235.992530182,349.043013946,1732.2896998,1183.59950738,2209.95871329,2974.82813373
420,420,1,6,10,M,37,973,sc,norm,2203.46167735,1314.45580858,1840.85356008,1199.75965464,488.855711809,899.727026287,1962.9058697,884.621508387,239.477505609,4500.76585372
421,421,6,21,24,F,49,965,jo,syn,1900.24740693,1376.12156298,1713.7971556,1076.59191478,457.299427442,758.377572347,1338.24600283,888.09912524,2040.96687287,2188.35640757
422,422,3,2,4,F,53,989,im,norm,2240.86062509,1279.86248744,1828.63381631,1066.39795621,438.153818779,897.331635119,1522.69040187,813.841553054,1782.24460376,1694.47058979
423,423,3,5,25,M,30,563,sc,syn,2668.72699378,1305.72632292,2274.26756042,736.328690656,455.4127779,592.577348037,1852.82639142,836.433243166,5423.5945304,4803.61939389
424,424,1,25,9,M,64,879,sc,norm,2059.83975092,1740.40967198,1917.21778782,1140.9340856,699.733694751,952.701839769,1745.35301394,775.294766469,728.127418089,2587.60206982
425,425,4,22,3,F,28,524,im,norm,1639.31240169,742.605029656,1262.63749885,608.684595196,167.75513176,347.017394735,1044.49710361,290.616029687,1976.192155,1754.95699622
426,426,2,18,18,M,30,992,im,syn,2090.94520701,1298.2338706,1747.40228459,966.714182296,216.719636233,644.383370788,1447.06624881,816.508256233,1218.96012416,2101.2611243
427,427,1,2,20,F,53,989,im,syn,2112.36498461,1338.42310067,1845.55109789,1186.24092512,525.028472799,955.444507508,1807.32285568,807.583675451,289.414645498,2317.55663527
428,428,6,10,32,F,24,438,vo,syn,2061.9275041,1208.14892441,1662.03351729,770.684959237,464.133568427,643.207858634,1405.11359131,794.089679802,2983.85725528,3408.63059698
429,429,2,20,11,F,20,499,sc,norm,2241.32909916,1619.10252117,2074.74416125,630.223411241,198.312505796,351.26345742,1602.05274637,1090.04458623,920.517135355,2014.2619669
430,430,3,10,31,F,24,438,vo,syn,1970.82998956,1213.07902743,1602.48243955,605.934693448,213.199293515,436.110881663,1400.13200003,789.30605998,1526.28630926,1660.08122714
431,431,3,7,3,M,25,839,im,norm,2309.85501135,1788.54487664,2120.19047878,808.699154593,438.282160929,611.54399786,1578.67014569,1194.8457698,1169.92638609,1199.58801298
432,432,4,26,5,M,34,924,jo,norm,2099.37916505,1728.44744831,1960.93066753,741.165909312,335.491790677,511.414677211,1506.36533966,1149.03763846,1986.26604121,2409.89661181
433,433,6,7,11,M,25,839,sc,norm,2020.75522199,1614.58480951,1857.61892542,802.305792592,442.338638505,576.026639191,1471.6100358,1061.74216577,2248.41329617,1997.812735
434,434,6,1,16,M,23,465,vo,norm,2328.61364546,1732.02535198,2145.69677503,898.718721851,156.017440138,309.887131823,1586.5390535,886.753193234,6230.90757033,6748.17777848
435,435,4,7,12,M,25,839,sc,norm,1993.73604574,1696.93175799,1909.94521355,587.324281863,378.661232427,489.704465439,1428.95088555,1120.27195308,1119.36817697,1152.93162189
436,436,4,1,7,M,23,465,jo,norm,2327.72572642,2058.84127325,2258.32799796,261.707341477,96.9205879419,162.568313688,1517.99641153,1277.49252317,2166.86977262,2321.10839765
437,437,2,26,3,M,34,924,im,norm,1910.27563201,1662.53507562,1808.19883847,505.71474908,296.345433306,368.409312985,1272.4805762,1099.27529837,1717.87162163,1640.26703177
438,438,4,3,27,F,29,972,sc,syn,2264.86344948,1177.63515547,1976.08099505,590.840553501,147.63938457,276.966487081,1638.43448228,761.587750032,4274.83713046,4235.18554273
439,439,2,26,10,M,34,924,sc,norm,2173.53240987,1665.03939596,1915.56561555,563.020831035,266.466072738,393.804913782,1612.46248963,1049.80758634,3739.42564712,3358.0031589
440,440,2,22,2,F,28,524,im,norm,1378.17893953,740.100105835,1155.39421094,831.395918808,290.149631645,624.019407346,1067.78715849,285.226851993,663.479470201,2422.79438558
441,441,2,26,20,M,34,924,im,syn,1849.31981774,1426.97436132,1697.68407202,650.449352617,455.341106257,547.675951473,1276.51000277,808.199446792,2537.73058994,2102.63070648
442,442,4,1,23,M,23,465,jo,syn,1958.09880972,1838.22092946,1920.9322963,249.071777911,142.419965789,168.595478316,1235.98687354,1133.87317042,474.50384517,458.52105374
443,443,4,26,30,M,34,924,vo,syn,2192.75123941,1578.27415328,2046.60432143,688.228758636,382.383232651,587.23721541,1494.5110899,1005.89852037,3783.0524507,4577.69194554
444,444,3,8,11,F,20,262,sc,norm,2214.50191211,1305.19034165,1782.67884392,630.913308042,267.636151234,435.469977692,1642.99675263,827.170082096,2116.51625695,2950.74470428
445,445,6,9,8,F,31,913,jo,norm,1832.59915783,1144.17942389,1649.28754151,565.684633489,297.704955368,413.397194329,1328.3173027,702.049699572,2689.29216974,3212.4944274
446,446,1,6,9,M,37,973,sc,norm,2080.30845801,1300.14887577,1830.98860464,1051.30197808,509.766028738,871.479971917,1792.42483051,857.401510914,347.483976865,4226.79060333
447,447,4,7,22,M,25,839,jo,syn,2034.45217174,1291.70285907,1797.11485181,571.530468887,435.957549595,494.737530394,1456.86668668,864.347492831,2200.03333534,1785.78780084
448,448,3,28,22,F,41,662,jo,syn,2049.6894194,1180.78454532,1694.05055084,1135.88556332,464.333723876,882.178042405,1540.22844462,768.545476951,2339.58257685,3992.63402362
449,449,1,4,4,M,26,958,im,norm,1877.86220653,1538.13380799,1746.90620807,956.853007085,529.617481512,802.315730384,1597.30741909,825.854081483,184.170067519,996.787480686
450,450,2,26,26,M,34,924,sc,syn,2318.84796965,1665.12003802,2108.66032419,668.418564743,232.373384051,464.42624496,1679.87487287,1118.95809812,3604.15718582,3867.19725997
451,451,4,26,13,M,34,924,vo,norm,2383.02940342,1822.63713072,2079.59362964,542.688059631,466.616488032,489.714452948,1627.21465328,1216.74240693,1363.99419356,1313.73120719
452,452,4,3,25,F,29,972,sc,syn,2081.98969373,1288.96297959,1816.97102657,448.261654839,126.804432693,224.007156589,1464.65589591,863.595700137,2380.53437501,2132.28012079
453,453,4,1,3,M,23,465,im,norm,2222.14321659,2020.48717205,2105.42018688,227.492845226,104.580589832,135.354634669,1427.53243152,1225.2150477,1141.45132693,1116.36306124
454,454,2,9,22,F,31,913,jo,syn,2160.52285539,1205.00047612,1910.22975913,532.155340346,172.309980959,328.341254373,1515.33407975,759.197472427,1504.36950563,2833.78473028
455,455,1,4,24,M,26,958,jo,syn,2394.08674252,1435.42601578,1870.03964014,874.703416243,270.080809823,672.908106845,1641.00543188,884.540355994,3817.03475359,2859.51103877
456,456,6,28,15,F,41,662,vo,norm,1901.51546537,1176.19279505,1686.92508036,756.013310945,348.873756393,536.757273116,1432.52791266,757.035139673,3759.30107776,3351.46644222
457,457,2,5,31,M,30,563,vo,syn,2462.10010478,1223.89209077,2157.38960394,615.610640844,214.578647593,441.551739332,1763.76946313,801.694655976,3189.14421715,1933.8431294
458,458,1,28,31,F,41,662,vo,syn,2173.68377998,1178.05420682,1764.08154464,642.561166561,253.563888647,457.885487477,1660.77675045,764.129746756,3107.09936703,3482.46654322
459,459,6,21,23,F,49,965,jo,syn,2030.55028867,1289.7726721,1778.67193952,1090.67991429,297.782256769,688.591711067,1341.62713738,791.058515339,3302.775717,4493.31213883
460,460,1,22,23,F,28,524,jo,syn,1420.43224714,887.49691628,1176.02728128,663.577831171,201.063963599,397.98415088,1133.52770218,440.213998661,482.472887866,2009.75089557
461,461,3,28,5,F,41,662,jo,norm,2027.17490177,1168.67961031,1582.71673678,1212.35210928,441.192314019,950.396841373,1617.76837212,770.584003683,2386.62369983,4320.37067181
462,462,1,20,27,F,20,499,sc,syn,1808.21196887,1391.42369248,1718.35276866,900.72483364,643.941447892,771.440500653,1497.40006239,806.578579816,366.248270549,2256.44890016
463,463,4,1,13,M,23,465,vo,norm,2500.80796201,1412.5046377,1957.66916692,239.570653527,42.5246219695,153.607914434,1727.43680574,802.240411997,8988.47135355,8896.40301918
464,464,2,2,30,F,53,989,vo,syn,2815.30029606,1562.44339268,2394.00060451,430.086591228,206.480430476,329.480222343,1995.2388712,1016.107,1562.39288856,1623.6320678
465,465,4,28,11,F,41,662,sc,norm,1765.14383631,1182.01470791,1633.51108566,656.224549076,350.838981537,534.703419115,1284.09620905,768.029306946,2383.14514096,2947.57597106
466,466,4,3,11,F,29,972,sc,norm,2170.56333193,1762.41764635,1985.48031886,902.311013092,238.173461236,564.113158247,1520.67505461,1111.64557863,2927.36613112,3179.43852519
467,467,1,6,2,M,37,973,im,norm,2081.55845984,1376.72188536,1778.74913377,1088.29747073,523.2659392,854.597413896,1721.346418,884.206033839,357.44138193,3981.26153866
468,468,1,22,18,F,28,524,im,syn,1673.65814931,866.418775566,1351.20808816,717.834969038,228.265654705,536.483491898,1212.32859698,343.918199962,1056.90633318,2850.17847088
469,469,1,4,8,M,26,958,jo,norm,1926.81175862,1313.33199147,1641.44881309,970.259944285,415.50184606,689.963118491,1639.98986294,818.608131869,517.699416939,2913.2825105
470,470,1,4,28,M,26,958,sc,syn,2064.34886294,1279.27718437,1720.40564647,1127.79426749,551.745644765,837.050645489,1826.02485286,802.531342504,222.055930873,2093.86317245
471,471,4,21,1,F,49,965,im,norm,1810.77937923,1186.20807426,1408.82709773,560.957315273,175.976810191,418.00498071,1283.81391278,567.735528061,4169.75198867,3650.9050716
472,472,3,5,1,M,30,563,im,norm,2332.56231667,1231.884965,1643.88868634,912.972025461,257.572718625,536.26681285,1645.85587169,779.462212283,4419.79930584,4295.26126879
473,473,4,20,13,F,20,499,vo,norm,2003.60224637,1753.39683323,1940.00069575,384.8282637,202.225002521,279.415336775,1387.47233658,1197.34495633,1808.52863572,1901.73834267
474,474,2,21,19,F,49,965,im,syn,2047.16915136,1212.67575729,1747.06537352,1103.54733181,299.511507868,702.226935872,1382.34098538,784.059212954,2440.83605933,2722.42807643
475,475,4,3,1,F,29,972,im,norm,1998.97954727,1269.04875141,1730.99319819,392.176617848,79.9541983182,114.590201768,1419.58794673,859.970765689,2340.28551791,2606.36476296
476,476,3,5,19,M,30,563,im,syn,2529.08206894,1237.73650528,1916.00886724,558.236772427,190.640515892,349.635246572,1808.14994991,800.068070041,1889.89036137,2133.74688441
477,477,2,28,1,F,41,662,im,norm,2326.35962061,1337.02719712,1965.2730862,1262.88976309,479.18369031,954.635276984,1673.09086166,822.529714815,2656.1838749,3474.77447673
478,478,3,7,15,M,25,839,vo,norm,1812.13439026,1294.66153634,1575.80968571,572.613623997,269.997839788,335.271930687,1273.64390469,865.782028585,1543.52883313,1424.70082857
479,479,3,8,27,F,20,262,sc,syn,2312.98700602,1305.18876023,1849.87681879,749.380809176,358.599156722,562.567601982,1671.43463417,798.446842589,2878.93664321,3165.52954421
480,480,3,25,21,M,64,879,jo,syn,2402.49235915,1205.34357888,1984.61723809,920.105658932,277.402739804,528.296540633,1650.4093377,767.270213228,3245.46311149,2934.06935589
481,481,4,3,3,F,29,972,im,norm,1905.22246648,1256.01717087,1657.45697857,297.446014746,84.0414396556,150.282353061,1395.24342748,859.109984352,1179.2208898,1435.07211119
482,482,3,2,17,F,53,989,im,syn,2580.31808607,1439.2980121,2359.05558067,890.9395624,317.78586174,587.833001186,1772.53774237,947.874552929,3196.90582808,3086.39209806
483,483,6,28,21,F,41,662,jo,syn,2138.60624745,1365.9672767,1791.47210521,783.677634554,432.234124042,621.5519644,1624.13794328,837.247330725,1704.13308128,2312.59313007
484,484,4,1,5,M,23,465,jo,norm,2370.78288899,1512.43186726,2025.16802134,687.875322974,480.91746221,594.05287213,1648.17072359,900.372023085,2006.7984424,2174.13179664
485,485,2,5,2,M,30,563,im,norm,2513.72291163,1237.04949462,1836.60240961,726.776688327,217.622513095,513.385217754,1622.83850631,795.03799352,2522.86809061,2665.79024281
486,486,2,26,9,M,34,924,sc,norm,2233.47515075,1678.73399624,1992.89450144,607.49836606,231.387086004,440.997093796,1604.26472656,1088.7579125,2992.27189855,3992.585213
487,487,1,18,19,M,30,992,im,syn,2007.10373428,1232.06682161,1642.23998483,1113.83849623,164.709585088,801.566689587,1679.93078545,806.611940223,628.452702563,3437.8199187
488,488,4,22,28,F,28,524,sc,syn,1563.8157583,764.693217342,1292.27081712,560.243440105,190.232418701,307.89745689,933.469560625,315.759512198,1934.48776505,1607.62401357
489,489,1,18,12,M,30,992,sc,norm,2067.65173144,1288.87599661,1686.98044668,1033.88802096,160.362330373,577.364563302,1477.03202802,816.550459954,1475.58035694,2675.43815619
490,490,2,2,18,F,53,989,im,syn,2729.26543104,2068.72517025,2523.5800823,1299.8409541,333.052164533,885.041681349,1834.1633633,1340.03296751,2944.0273532,2889.7136832
491,491,1,4,21,M,26,958,jo,syn,1764.94442931,1368.34330364,1625.06175192,897.750208003,695.78408415,817.954392974,1417.3726684,849.739370749,1202.27084107,2147.96390554
492,492,1,3,23,F,29,972,jo,syn,2079.47682656,1201.16553763,1823.60076037,1236.64615266,518.701420019,949.741815105,1875.01283997,794.354290052,364.991008671,2700.04268931
493,493,3,5,15,M,30,563,vo,norm,2439.99605649,1427.41173302,2126.48706525,775.409795697,392.406017257,589.928072065,1653.91041741,888.644978415,3581.47626319,3596.35700831
494,494,2,25,8,M,64,879,jo,norm,2182.82670049,1828.36649775,2074.9674914,760.279925876,230.29460454,521.239429684,1469.45384279,1144.12199135,2446.16564221,1828.03197836
495,495,1,6,23,M,37,973,jo,syn,2045.67492368,1395.27590508,1816.43759013,1010.56541612,559.172471581,859.794115337,1762.98475997,882.795173743,440.222358426,3497.01453384
496,496,6,5,14,M,30,563,vo,norm,2321.81668296,1597.99012241,1974.68796117,500.028839061,318.546830501,417.445136193,1593.36156235,989.337710446,3344.32984207,3782.07556188
497,497,1,6,11,M,37,973,sc,norm,2055.82131035,1313.76620337,1770.14511111,1028.51974938,524.142125337,808.446196446,1784.33573825,873.282287039,211.777925059,2746.33980948
498,498,4,8,3,F,20,262,im,norm,2316.03596546,1286.72048952,1902.67737457,544.82645545,242.012929262,365.876127901,1587.98040724,828.260933805,3159.83946372,3383.96265117
499,499,3,25,14,M,64,879,vo,norm,2322.1623849,1175.70722705,1815.19172567,906.245561973,345.829368149,585.397614284,1550.76628319,765.426150489,3391.38584178,3271.96574582
500,500,4,10,13,F,24,438,vo,norm,1673.42429638,1220.87274126,1449.5381092,542.647447067,293.101686012,417.763496898,1120.67644606,788.581796615,1567.58873865,1508.49808466
501,501,3,1,9,M,23,465,sc,norm,2689.3127133,1388.43688241,2155.10819431,434.290020878,138.44444158,286.452362099,1871.37877959,861.106413492,1856.69474384,2033.02848859
502,502,3,10,24,F,24,438,jo,syn,2118.90470854,1204.68368436,1724.04889094,531.656500113,308.159618631,410.721762819,1493.52222085,785.191865145,1586.78511715,1949.38959016
503,503,2,21,18,F,49,965,im,syn,2352.02256333,1255.50835173,1922.96192236,1003.28670772,72.0984657759,468.224329023,1850.55685216,779.664283098,3723.66639138,3770.08776412
504,504,2,26,28,M,34,924,sc,syn,2074.38711251,1655.20669605,1888.20100464,755.949338812,270.657121152,473.91720832,1506.40473569,1010.43963037,1932.98249403,3790.03846158
505,505,1,20,24,F,20,499,jo,syn,1955.39136383,1338.42000974,1713.80266385,1049.85560423,575.020893489,893.110891037,1674.53934794,771.574969775,300.617925053,1853.20599752
506,506,4,5,24,M,30,563,jo,syn,2313.7141226,1268.47089317,1934.83436518,844.95955474,162.486311763,418.588239384,1660.75725478,816.166865678,3425.55195759,3717.4957922
507,507,4,7,9,M,25,839,sc,norm,2487.9215992,1611.73329961,2116.61993704,662.055344357,248.610043654,409.612744341,1711.0776029,1069.17657716,1468.93546688,1415.98744528
508,508,3,10,25,F,24,438,sc,syn,2150.8098207,1198.11196359,1681.92015591,1052.94381056,312.653462135,586.470542426,1542.25426152,709.462319212,5071.84108242,5110.62854536
509,509,6,9,9,F,31,913,sc,norm,2129.6819872,1247.4337516,1868.48926654,452.308091511,175.180465301,322.064329949,1455.85066938,774.431397902,3711.7743732,3774.5411726
510,510,2,20,16,F,20,499,vo,norm,1866.91787465,1359.81742135,1676.72105306,926.201103869,568.900823725,758.551019389,1538.12413873,808.855371016,208.236928549,2337.48851751
511,511,4,22,26,F,28,524,sc,syn,1585.95689746,764.842502058,1322.63232341,798.458365152,513.236374596,689.37565083,1009.49969664,312.245081236,1173.67715413,1565.14460854
512,512,6,28,29,F,41,662,vo,syn,1896.91422316,1192.4655393,1591.62546534,874.762031163,502.187019243,676.873989469,1556.32113036,772.703048481,2222.37480718,4779.85059447
513,513,1,22,4,F,28,524,im,norm,1180.98860057,760.609669954,989.927677058,756.536985485,371.496412384,536.460018781,898.836949601,279.452184446,668.495183754,1692.60455265
514,514,3,8,31,F,20,262,vo,syn,2399.41033013,1326.48404206,1918.19014647,711.441916373,242.43424273,462.009164345,1703.76251011,812.66045662,3651.55606841,4009.66778052
515,515,4,8,19,F,20,262,im,syn,2151.70312891,1299.06841964,1757.3279672,609.634741195,173.972445727,323.979602684,1508.11433618,817.180755812,3834.84364199,3760.99588755
