,key,handstrat,participant,melody,sex,age,score,genre,proc,qommax,qommin,qomav,handdistmax,handdistmin,handdistav,zmax,zmin,distlh,distrh,melcat
0,0,3,10,27,F,24,438,sc,syn,2571.19052506,11.8321595662,1849.18424387,697.11563327,287.669551724,472.041396226,1828.51082005,836.801392097,5165.06989804,5601.01625709,11
1,1,5,1,25,M,23,465,sc,syn,2911.66093043,11.8321595662,2574.22702106,1408.76788471,215.194701397,795.790869991,2028.03552287,947.262964844,6656.6400025,6718.58507298,9
2,2,4,1,10,M,23,465,sc,norm,2544.30026102,11.8321595662,2357.30038038,1002.49383519,180.926554919,576.368933498,1708.50776225,1117.94850224,6115.03065244,4756.87638195,10
3,3,1,6,8,M,37,973,jo,norm,1982.5857514,11.8321595662,1681.2605677,1012.26680799,490.531932028,763.900775284,1587.29823953,837.096934786,309.069240133,2800.27587862,8
4,4,3,2,7,F,53,989,jo,norm,2447.35845613,11.8321595662,2146.20352354,701.590144134,578.200235679,656.726549531,1665.28228117,725.052841224,3506.47493883,3762.02395971,7
5,5,3,2,16,F,53,989,vo,norm,2799.26857113,11.8321595662,2535.01104709,678.580371974,509.343031036,592.419166393,1922.44075839,804.209826601,3942.52451016,4533.33297571,16
6,6,6,10,8,F,24,438,jo,norm,1805.49331711,11.8321595662,1497.35341846,719.527160245,409.77569675,556.730474316,1295.37917303,793.557272743,1943.06165826,2648.25480198,8
7,7,3,10,28,F,24,438,sc,syn,1912.13680636,11.8321595662,1601.27174385,985.196950505,240.691784736,474.907652187,1394.47595674,759.469719987,5070.959524,4193.11361005,12
8,8,1,28,32,F,41,662,vo,syn,2012.64505174,11.8321595662,1687.88620483,919.284279663,376.640494206,582.918575067,1640.65375074,760.346469391,3200.79689817,4961.70746491,16
9,9,4,1,8,M,23,465,jo,norm,2422.21534406,11.8321595662,2074.95615301,646.329029665,173.859953674,260.798937112,1549.66233488,954.205310814,4899.67331438,4588.70284416,8
10,10,2,20,22,F,20,499,jo,syn,2374.19682371,11.8321595662,2223.10230387,704.470456015,201.900309724,461.995442186,1776.02013066,1164.94094073,754.548190183,4337.6041331,6
11,11,2,18,31,M,30,992,vo,syn,2177.64203259,11.8321595662,1948.71786982,979.899574382,143.456815698,640.969729666,1440.977,993.963515614,2630.08129711,3738.3459615,15
12,12,3,10,1,F,24,438,im,norm,2183.73562452,11.8321595662,1902.07784467,1135.37345143,69.2937658278,649.752293493,1370.86733804,800.244999895,3014.86656899,3055.26372894,1
13,13,2,28,14,F,41,662,vo,norm,1995.44336804,11.8321595662,1775.05931659,935.299412754,137.412841271,691.61361718,1573.9804379,746.72317784,4308.84825742,4550.04354731,14
14,14,4,9,1,F,31,913,im,norm,2519.98508074,11.8321595662,1936.2476878,689.271583307,175.959777535,315.668457162,1766.7020994,485.713127966,4961.61740713,4903.87631228,1
15,15,2,2,31,F,53,989,vo,syn,2946.23446255,11.8321595662,2275.61633616,1599.34043573,266.394700578,597.61966877,2506.7505433,757.70404185,1750.34218096,7303.84442039,15
16,16,4,9,26,F,31,913,sc,syn,2560.02368013,11.8321595662,1981.57934535,589.72098465,174.736400532,279.912382178,1802.61287055,675.087411415,5559.2304376,6853.18286977,10
17,17,3,3,24,F,29,972,jo,syn,2457.6198491,11.8321595662,2182.72868347,905.734988941,593.135252442,757.529937764,1701.41136776,693.498186076,4053.0402045,4389.65990455,8
18,18,3,2,25,F,53,989,sc,syn,2981.95782975,11.8321595662,2108.90075707,671.186954024,199.738985936,434.915966753,2199.60883499,802.289838579,3676.45676365,4548.55839317,9
19,19,3,8,16,F,20,262,vo,norm,2483.21967073,11.8321595662,1915.80904453,639.946882493,242.337780743,441.767416555,1707.77308106,810.726322981,3309.33841274,3506.81332407,16
20,20,3,2,12,F,53,989,sc,norm,2829.30710671,11.8321595662,2319.99551831,552.195125224,350.014724923,420.85307471,1954.35128468,906.239017484,3039.60968471,2500.61191786,12
21,21,2,28,13,F,41,662,vo,norm,2102.91933279,11.8321595662,1678.23915231,922.029613683,409.93300015,683.797549891,1588.42657545,756.317543138,2303.62959784,3603.57505527,13
22,22,1,18,30,M,30,992,vo,syn,2035.30938516,11.8321595662,1782.56668032,1004.11338131,112.811619233,730.486913789,1552.2717117,826.137208336,1877.02070285,4407.29203495,14
23,23,2,8,18,F,20,262,im,syn,2355.28118091,11.8321595662,1672.3969791,659.601518564,204.260920666,451.080705038,1662.93313541,801.316584869,4195.20937273,3839.82905556,2
24,24,1,6,30,M,37,973,vo,syn,2244.62764489,11.8321595662,2001.21388822,1194.53268554,509.706708499,996.342700734,1865.39451028,884.95694114,377.973886745,3560.21754158,14
25,25,1,18,32,M,30,992,vo,syn,2292.90164264,11.8321595662,1967.78327518,1139.08183585,279.539986966,735.772746705,1513.74567721,817.149291052,3481.34242972,6031.42402478,16
26,26,2,20,32,F,20,499,vo,syn,2345.61307156,11.8321595662,2021.25741323,747.947669153,182.58268734,571.429909185,1599.7184123,782.321327222,3249.88301541,3274.06348099,16
27,27,4,28,30,F,41,662,vo,syn,2267.4945105,11.8321595662,1764.09886941,998.983687806,424.099201426,698.153394056,1571.25045039,767.639227544,4788.04020734,5087.82991949,14
28,28,2,18,7,M,30,992,jo,norm,2070.50897978,11.8321595662,1753.66682198,1016.33571839,188.135216324,622.785153491,1567.93112656,809.02210652,2230.16910002,4309.49344083,7
29,29,4,9,10,F,31,913,sc,norm,2529.96328285,11.8321595662,2102.01804075,642.678634045,156.471244299,301.488596037,1738.52517659,779.50740087,4405.84428785,5249.87223827,10
30,30,3,9,5,F,31,913,jo,norm,2399.95747341,11.8321595662,2012.10926867,1017.69724414,178.007617466,430.943302202,1846.60973122,800.815695657,3616.91798897,4875.73450589,5
31,31,5,28,6,F,41,662,jo,norm,2081.72175629,11.8321595662,1688.99894622,952.300575652,394.908986192,696.96136527,1603.21857736,750.713259995,2277.68653557,3571.88515624,6
32,32,2,20,19,F,20,499,im,syn,2349.05877787,11.8321595662,2215.43385187,662.43092202,152.332484064,383.325903103,1658.75658207,690.170830098,3727.38223298,3827.45712217,3
33,33,1,20,29,F,20,499,vo,syn,1832.21713672,11.8321595662,1716.40978643,891.539328862,611.142263821,806.405617132,1491.39340077,743.290375811,557.864793149,3491.4018881,13
34,34,2,28,3,F,41,662,im,norm,2089.37838507,11.8321595662,1746.61821469,946.255785475,419.194640823,497.789824922,1518.74057738,-74.4144881993,4263.41956922,7462.14567668,3
35,35,6,10,7,F,24,438,jo,norm,1887.6728276,11.8321595662,1737.87502347,567.585654987,415.237859078,469.157092946,1231.91032928,785.566664329,2497.04354535,3413.88910726,7
36,36,4,3,4,F,29,972,im,norm,2251.2249948,11.8321595662,1911.30148772,623.841538667,103.243943239,264.956835033,1545.14800535,743.626246408,5251.77743443,5195.43310297,4
37,37,6,9,12,F,31,913,sc,norm,2251.66170491,11.8321595662,1698.77616353,656.453833489,223.773945089,354.93282134,1658.85708933,698.05175151,4178.34153711,3635.2235069,12
38,38,2,20,28,F,20,499,sc,syn,2083.58476888,11.8321595662,1937.96189026,710.566399661,190.298579838,289.097873165,1465.80593974,786.449014316,2569.42171709,2225.17318735,12
39,39,2,3,22,F,29,972,jo,syn,1976.01534383,11.8321595662,1756.82191176,600.057724854,84.7455340245,216.558518705,1418.53359622,989.21267503,1731.10873496,2225.90455187,6
40,40,6,28,23,F,41,662,jo,syn,2221.4198679,11.8321595662,1750.83046764,806.5201951,272.201136958,482.929499826,1645.01787972,750.680181513,5313.5309903,6493.30528673,7
41,41,3,2,27,F,53,989,sc,syn,2543.68025538,11.8321595662,2399.18941487,834.881441804,521.860622324,717.660679714,1748.62312802,1044.54340051,2833.59074896,2933.19873474,11
42,42,2,20,18,F,20,499,im,syn,2197.68077599,11.8321595662,2081.15483404,736.361943252,188.896636995,322.322451649,1534.05675517,789.42786716,1722.86295797,3049.74815846,2
43,43,2,18,25,M,30,992,sc,syn,2002.71134617,11.8321595662,1793.27398385,1033.96027469,193.419104788,676.838640956,1338.84923516,914.169486493,2984.46682788,4845.92099873,9
44,44,1,18,26,M,30,992,sc,syn,2600.00339342,11.8321595662,2032.74543603,1542.6005511,283.192207425,896.826375175,2200.03848886,-189.789556366,2042.55660656,16814.6117279,10
45,45,1,28,19,F,41,662,im,syn,1826.47466884,11.8321595662,1492.10197378,954.199466919,156.63800359,569.631110506,1535.35416635,744.603126594,3897.13384847,1218.59713694,3
46,46,3,8,20,F,20,262,im,syn,2413.94547797,11.8321595662,1803.54254962,591.460482711,209.328841942,374.49254217,1641.31481737,804.670904549,3214.95837784,3263.97821538,4
47,47,3,1,20,M,23,465,im,syn,2832.46443549,11.8321595662,2258.01189498,1407.9240673,390.63135177,970.769987128,1974.09282404,863.010424685,6385.65992298,5604.27444757,4
48,48,4,3,12,F,29,972,sc,norm,2383.45749779,11.8321595662,1927.45483281,418.490626225,120.429673712,169.825023253,1663.14701514,814.978267626,3221.13156161,3538.70876925,12
49,49,3,18,23,M,30,992,jo,syn,2212.89483022,11.8321595662,1823.40736069,1043.75106674,138.251984962,561.479378879,1457.29915979,801.274364862,2979.09987753,3901.01689561,7
50,50,1,2,5,F,53,989,jo,norm,2028.37588045,11.8321595662,1670.8161715,1076.16561915,442.170338379,772.97324283,1720.49650418,783.601662159,846.631835405,4021.53146609,5
51,51,2,18,13,M,30,992,vo,norm,2515.95866791,11.8321595662,1914.26733221,1209.08594625,181.298694714,614.046697848,1811.49973192,808.320059019,2594.68402989,4298.06243955,13
52,52,1,20,10,F,20,499,sc,norm,2116.57010843,11.8321595662,1855.19790774,1182.05045105,575.649692176,938.340596353,1765.46042922,798.361405415,673.595965965,3914.85899817,10
53,53,1,6,19,M,37,973,im,syn,2149.52826522,11.8321595662,1817.59909795,1192.16238794,496.566907771,930.610873613,1829.91298804,857.243110796,574.227560154,2844.39994975,3
54,54,1,20,31,F,20,499,vo,syn,1877.92480775,11.8321595662,1763.94494415,934.761788023,615.861821567,834.49557522,1523.81780609,789.383368496,537.555042084,1974.4850814,15
55,55,1,6,24,M,37,973,jo,syn,1913.63881767,11.8321595662,1695.73934276,910.988742353,478.387242985,750.223281064,1523.81500877,859.223997693,290.604391541,2051.88557268,8
56,56,4,9,30,F,31,913,vo,syn,3226.08086683,11.8321595662,2476.24580795,2163.33394306,206.348924051,385.09409625,2295.96831637,53.5511365069,16174.0878102,5349.77477885,14
57,57,1,6,6,M,37,973,jo,norm,2013.16198999,11.8321595662,1688.99677153,1028.15590359,497.547832262,768.941573873,1621.5292316,838.915959214,110.962314196,2647.59519221,6
58,58,3,8,25,F,20,262,sc,syn,2344.39646165,11.8321595662,2009.23162437,599.155283592,220.728401789,419.01113636,1713.03514998,822.893127,3659.1843199,6008.21384913,9
59,59,3,8,17,F,20,262,im,syn,2194.15533628,11.8321595662,1808.63554951,648.800352668,182.465101883,359.856840733,1508.70702546,778.439058392,3345.63928727,4520.45995722,1
60,60,3,8,14,F,20,262,vo,norm,2567.62121272,11.8321595662,2096.80981673,1402.77675448,191.294380313,704.208943177,1782.06185038,817.293326809,4745.61845201,4889.98237138,14
61,61,4,3,2,F,29,972,im,norm,2083.55632452,11.8321595662,1922.3977343,376.149493347,137.265537571,173.370509203,1396.14914583,810.397229413,1955.06573388,2163.71592708,2
62,62,3,8,28,F,20,262,sc,syn,2393.14166053,11.8321595662,1916.2098158,1426.37666356,246.962976465,577.334243076,1679.87899673,725.626035088,4821.96230616,4755.61887545,12
63,63,4,3,31,F,29,972,vo,syn,1782.00472193,11.8321595662,1638.76134188,513.765320156,109.819370315,209.866368253,1192.09969765,800.974,1695.1321517,2029.71867254,15
64,64,3,10,30,F,24,438,vo,syn,1961.32779658,11.8321595662,1751.79136171,537.276339497,312.163371056,399.618111283,1287.12585147,791.216809853,4017.02298414,5206.0392853,14
65,65,2,18,6,M,30,992,jo,norm,1778.25117868,11.8321595662,1603.667336,844.488826701,222.676712211,617.776140846,1251.22177007,842.899383801,1423.2557873,1801.07375326,6
66,66,1,6,32,M,37,973,vo,syn,1852.57032828,11.8321595662,1648.44141585,849.124530349,460.775010409,680.063676232,1426.36689251,850.924712974,214.92296796,2760.14049258,16
67,67,1,6,16,M,37,973,vo,norm,2190.32261367,11.8321595662,1700.6841803,1150.47224031,464.724392124,713.1565061,1846.77051384,852.673720778,146.912415618,2602.42289723,16
68,68,1,20,12,F,20,499,sc,norm,1904.65085981,11.8321595662,1819.67663105,965.395474284,604.275163034,822.583864901,1600.28271553,728.108044371,231.441341712,3342.49218448,12
69,69,2,28,25,F,41,662,sc,syn,2084.65326133,11.8321595662,1687.82146358,1610.87384223,428.912098334,706.28354827,1552.96677695,-115.304569612,8770.64434255,3412.69477159,9
70,70,2,20,30,F,20,499,vo,syn,2256.66240834,11.8321595662,2169.82861028,867.391905526,186.582137274,478.609360562,1549.90667097,796.700579996,3099.16824482,3728.41279599,14
71,71,6,9,7,F,31,913,jo,norm,1690.50658576,11.8321595662,1523.56347954,588.191981923,355.217948063,498.054754639,1186.47173092,722.663421128,2958.41043566,3135.58353552,7
72,72,2,9,15,F,31,913,vo,norm,2389.55186768,11.8321595662,1907.38143557,1153.38374699,111.016333719,588.601852482,1806.8059407,879.669498026,3077.42931138,4505.63848513,15
73,73,6,1,27,M,23,465,sc,syn,2315.96856822,11.8321595662,2062.57330965,1105.10059517,150.75193087,412.070376253,1516.38723201,972.874827433,3739.60768429,4525.65537509,11
74,74,4,3,10,F,29,972,sc,norm,2383.30000117,11.8321595662,1876.2176665,326.946597691,102.220020122,173.774011057,1627.29651992,940.921991319,2288.95800633,2091.3578825,10
75,75,3,2,2,F,53,989,im,norm,2566.20315078,11.8321595662,2379.28681746,902.886392448,437.514226774,737.423414958,1706.97178657,1068.7748445,3187.36358418,2995.74436238,2
76,76,3,2,19,F,53,989,im,syn,2756.35074584,11.8321595662,2050.10591567,1096.95473208,550.365781333,800.815635754,1863.34029741,822.801206168,3759.50770195,3629.70236474,3
77,77,2,8,2,F,20,262,im,norm,2392.39835914,11.8321595662,1868.14737039,660.566691599,248.030549168,470.836700311,1877.96897082,807.075083212,2050.33172222,3283.54888293,2
78,78,1,20,7,F,20,499,jo,norm,1667.62920571,11.8321595662,1569.54792026,774.497421363,510.382643829,595.880488839,1137.37968402,799.984305325,809.401107798,2005.70016051,7
79,79,1,2,1,F,53,989,im,norm,2285.6072736,11.8321595662,2053.1802725,406.111117008,209.596492112,258.363239134,1510.96730694,1142.47828359,1069.98977029,1083.72141221,1
80,80,2,18,27,M,30,992,sc,syn,2238.10821704,11.8321595662,1926.98291236,922.426671675,233.88201698,537.908756043,1479.73920796,810.184042763,2153.78386455,4071.30551882,11
81,81,1,20,1,F,20,499,im,norm,1961.57862719,11.8321595662,1757.94941286,977.042111431,556.309662053,779.869324944,1578.28350233,773.245157476,506.989442964,3494.85503522,1
82,82,2,9,20,F,31,913,im,syn,2155.58724149,11.8321595662,1756.08218501,547.726219288,178.437270228,357.562706391,1516.00061802,753.170428761,1805.01970785,3119.58110896,4
83,83,1,6,22,M,37,973,jo,syn,2142.71423468,11.8321595662,1766.14243401,1103.08983793,536.387712759,820.28960638,1831.17490377,884.634262326,645.155451911,5496.43641177,6
84,84,2,18,4,M,30,992,im,norm,2155.79906072,11.8321595662,1988.55464866,971.364073532,208.190193685,716.458738346,1522.82419253,837.273136154,1961.64478186,2751.17435291,4
85,85,3,10,23,F,24,438,jo,syn,1817.23199639,11.8321595662,1512.26419263,1289.38552028,434.645269534,686.17118965,1176.31706991,-151.13448809,21814.8768196,2021.19914118,7
86,86,4,8,30,F,20,262,vo,syn,2455.71053507,11.8321595662,2100.8094592,627.024682977,205.965178674,385.544706109,1680.0908408,828.782154159,4405.11034968,5172.70906595,14
87,87,3,8,22,F,20,262,jo,syn,2497.91323236,11.8321595662,1812.05151512,631.787315987,253.477443591,452.217066279,1773.0958582,814.938933302,2665.29261631,2904.54437686,6
88,88,4,9,4,F,31,913,im,norm,2186.64516143,11.8321595662,1674.73009757,829.134837019,361.11776847,491.904878395,1501.76263751,687.047116185,3375.41399699,3455.94237967,4
89,89,2,8,12,F,20,262,sc,norm,2250.92584779,11.8321595662,1739.37718995,720.305331073,367.837275663,541.19926695,1791.85290539,788.170384722,2907.72550682,3900.12525416,12
90,90,1,20,20,F,20,499,im,syn,1810.85327005,11.8321595662,1717.21014969,953.393006913,603.264313534,826.387391603,1425.49371914,746.75991294,441.070852425,2747.95878557,4
91,91,1,18,15,M,30,992,vo,norm,2342.06029937,11.8321595662,1925.81437783,1199.05036028,143.328548174,888.537508403,1821.3516564,809.509880752,1965.46568558,4284.20458476,15
92,92,1,6,15,M,37,973,vo,norm,2355.99787158,11.8321595662,1985.11517245,1300.53517739,520.099519474,1003.21361975,2122.13835279,852.025380687,536.706602542,3981.14424869,15
93,93,2,20,14,F,20,499,vo,norm,1970.03837266,11.8321595662,1894.37876317,642.992165411,154.457809171,329.652924383,1415.01281324,966.955353967,1442.91453769,1916.63592159,14
94,94,4,9,18,F,31,913,im,syn,2093.75045217,11.8321595662,1961.2592213,390.649173918,164.676776124,265.866440702,1446.35949683,922.551336248,3964.39420329,4574.63801128,2
95,95,2,1,12,M,23,465,sc,norm,2093.44472288,11.8321595662,1992.6529121,576.724425296,128.881770647,216.10305342,1296.00813982,912.842958237,1569.66209081,1924.64067952,12
96,96,6,1,26,M,23,465,sc,syn,2114.1814717,11.8321595662,1844.79947986,463.506237472,125.95424135,259.643873265,1368.01197354,846.780497105,2006.88734985,2184.99422494,10
97,97,2,20,3,F,20,499,im,norm,1867.66499681,11.8321595662,1765.17708058,606.795822969,215.432046341,351.325352818,1326.33338764,935.570268245,1231.89102038,1135.26643768,3
98,98,3,2,11,F,53,989,sc,norm,3019.11235843,11.8321595662,2631.00188677,758.927349672,284.495192698,394.363576103,2110.26015331,1031.61914624,2952.35001489,3165.69193289,11
99,99,6,9,31,F,31,913,vo,syn,2306.66014868,11.8321595662,2072.82657787,470.192093861,104.255802459,281.859929109,1617.24388919,735.687201999,4101.22679286,4823.41973669,15
100,100,6,28,7,F,41,662,jo,norm,2102.13582948,11.8321595662,1576.11228215,839.51015035,653.444899466,722.331738132,1550.8409951,749.519362156,3057.8631778,2148.69625384,7
101,101,3,3,7,F,29,972,jo,norm,1814.91202721,11.8321595662,1645.79928585,315.836677143,124.500246893,183.972313267,1275.90009589,1055.75833479,847.627897155,918.725178825,7
102,102,2,18,8,M,30,992,jo,norm,2250.52430153,11.8321595662,1921.25100427,1079.37143774,266.489836775,718.787718254,1623.415,810.159618294,2457.55334218,3628.81707213,8
103,103,3,2,8,F,53,989,jo,norm,2133.85503986,11.8321595662,1763.64166234,1125.21615662,615.462572694,995.037285738,1374.03748911,836.659368782,2436.37679278,2591.49411287,8
104,104,6,10,21,F,24,438,jo,syn,1734.45408794,11.8321595662,1595.43173944,586.54282979,339.260430616,441.218308275,1130.64588057,775.487936589,1224.32388696,1181.60297703,5
105,105,4,3,15,F,29,972,vo,norm,2237.95764015,11.8321595662,1885.59089935,556.84943855,129.297472139,220.598995221,1501.7326857,986.524932311,2070.3215785,2221.43292179,15
106,106,4,3,32,F,29,972,vo,syn,2317.67045376,11.8321595662,2078.45054028,647.253003777,111.034542712,248.915298724,1600.54240913,724.704560703,3774.635759,2267.32518073,16
107,107,3,2,26,F,53,989,sc,syn,2848.29221286,11.8321595662,2519.41203061,1311.84459808,466.960399414,874.724433761,1990.59394831,811.971536111,3388.35684909,4082.34270808,10
108,108,1,2,6,F,53,989,jo,norm,2137.80760252,11.8321595662,1983.30629806,637.77750511,233.645987225,512.21952961,1555.88150731,833.952942234,1975.55952487,2554.0651619,6
109,109,2,28,18,F,41,662,im,syn,2177.60626621,11.8321595662,1760.94029217,1685.85742977,139.455474492,721.33661061,1632.64445239,-151.294950851,9130.18833009,3758.05701506,2
110,110,6,9,24,F,31,913,jo,syn,2373.64143078,11.8321595662,1741.09437214,628.92909167,220.727748795,328.35808487,1702.92407052,682.403631178,4061.553339,5279.31375454,8
111,111,6,28,8,F,41,662,jo,norm,2046.1610179,11.8321595662,1744.76399169,972.34804853,418.586936203,738.738065415,1607.8864232,769.405448161,3604.76254264,5046.64167546,8
112,112,6,1,6,M,23,465,jo,norm,2145.0620054,11.8321595662,2012.95764689,573.770796051,119.510284264,210.343849503,1436.93359867,925.475741205,1989.80101046,2232.74430005,6
113,113,4,9,16,F,31,913,vo,norm,3012.55302049,11.8321595662,2182.05980414,2273.98945045,222.20723784,562.343856777,2202.19303083,-240.715245613,16821.8476495,4360.66382165,16
114,114,4,1,22,M,23,465,jo,syn,2155.31730877,11.8321595662,1937.44832055,604.538673158,140.939939446,255.435906589,1435.44774497,796.181552258,2843.42233286,3426.85987981,6
115,115,3,8,15,F,20,262,vo,norm,2323.38165025,11.8321595662,1950.33622603,731.917211181,259.170549813,441.244108567,1631.43343675,773.4301085,3668.21349908,4239.45040841,15
116,116,4,9,32,F,31,913,vo,syn,2934.70741958,11.8321595662,2367.52226496,899.235272539,172.313540649,300.274591091,2031.04872784,765.553828356,4997.46497998,5470.23979995,16
117,117,3,1,19,M,23,465,im,syn,2841.88721231,11.8321595662,2325.56636336,1009.63412677,136.11162726,583.68774028,1956.95934992,781.043847961,5011.82170416,4912.01511533,3
118,118,1,6,21,M,37,973,jo,syn,2260.44103761,11.8321595662,1988.63924151,1157.82253337,535.007979087,983.325608082,1918.85926272,856.769849572,310.562529635,3555.29438471,5
119,119,3,28,16,F,41,662,vo,norm,2599.3925555,11.8321595662,1600.30292274,850.15301797,461.395434562,553.13682296,1804.42954218,8.33371453276,3066.80185589,7165.05601345,16
120,120,6,10,26,F,24,438,sc,syn,2064.02747361,11.8321595662,1773.37671875,642.273374051,187.046602682,358.668572774,1320.97035075,672.606039201,3560.69736883,4839.4838995,10
121,121,3,10,17,F,24,438,im,syn,2575.74153004,11.8321595662,1980.01529845,658.873770004,402.122413514,538.474965757,1820.41848641,776.697103755,2742.68564289,2904.01615117,1
122,122,1,6,13,M,37,973,vo,norm,2089.66529317,11.8321595662,1713.16190238,1059.92909806,412.44945214,748.476293024,1759.30322153,839.251269141,671.926101426,3486.89006001,13
123,123,3,10,2,F,24,438,im,norm,2310.86521214,11.8321595662,1731.15691072,1067.79336878,358.202881128,647.91822228,1538.66101459,768.631235128,3303.04656397,3388.00021832,2
124,124,3,10,16,F,24,438,vo,norm,2424.75507025,11.8321595662,2024.33681413,1043.38477258,593.774104223,940.546538512,1641.58036863,783.802969795,2521.37665146,2806.11385543,16
125,125,1,6,27,M,37,973,sc,syn,2085.08660408,11.8321595662,1791.28355086,1144.22514927,487.990740749,893.262613812,1735.80335532,850.53542122,198.333195799,2578.10543063,11
126,126,2,18,5,M,30,992,jo,norm,2057.64968092,11.8321595662,1785.68100046,944.532584496,324.908553791,702.577694611,1448.16788544,838.272193285,1452.81982357,2910.27188102,5
127,127,1,3,18,F,29,972,im,syn,2241.97002567,11.8321595662,2116.12514754,577.617106484,227.318284098,343.310815692,1616.67549022,1072.05215304,1356.0514147,2262.72728629,2
128,128,3,2,10,F,53,989,sc,norm,2302.9245606,11.8321595662,2013.45845501,588.937816555,393.6518736,492.619411882,1509.19663245,835.252657383,2523.45417235,2654.36038534,10
129,129,1,3,16,F,29,972,vo,norm,2014.2804505,11.8321595662,1700.89401437,999.591766871,542.427575413,739.140060449,1740.62807197,788.41606875,584.212802323,2394.0868556,16
130,130,3,8,5,F,20,262,jo,norm,2374.36963116,11.8321595662,1852.10505043,656.265717821,174.794076497,374.57784625,1675.89099184,803.686188934,3992.53892863,4542.91586705,5
131,131,3,3,20,F,29,972,im,syn,2509.67912716,11.8321595662,1570.97845447,780.808937776,482.98411955,584.940452487,1799.54537054,784.909978722,2601.34876504,2965.15662778,4
132,132,3,8,24,F,20,262,jo,syn,2308.95279328,11.8321595662,1849.60622761,638.360215086,281.01741568,422.686358642,1612.86237668,762.216761587,3250.09699654,3569.34761648,8
133,133,3,10,22,F,24,438,jo,syn,1859.79946591,11.8321595662,1693.70855426,607.11790007,124.774227498,452.822931336,1223.76627272,762.778714165,2104.94599739,2194.06910886,6
134,134,5,8,13,F,20,262,vo,norm,2553.65522766,11.8321595662,1840.86215375,865.205857666,350.654367924,609.939046327,1749.83913425,812.761209883,2913.67911129,3157.02078941,13
135,135,1,6,7,M,37,973,jo,norm,1964.11205764,11.8321595662,1669.44968823,949.948110832,486.32757196,748.757935837,1575.12092874,833.789758607,563.155437438,3480.4620438,7
136,136,3,10,19,F,24,438,im,syn,1812.50952567,11.8321595662,1654.36027475,574.734980195,302.469437403,396.774737497,1241.93652315,794.514565866,2075.87430142,2248.74537188,3
137,137,1,20,26,F,20,499,sc,syn,1963.4154087,11.8321595662,1737.58531191,845.999167852,398.901136139,663.405297281,1428.28284513,777.877323759,2095.18563902,3312.20759037,10
138,138,3,2,13,F,53,989,vo,norm,2520.28608837,11.8321595662,2195.41876475,756.529133965,568.935798708,707.35677956,1708.93351291,720.934241645,3428.7509951,3752.30846855,13
139,139,3,2,28,F,53,989,sc,syn,2913.29060385,11.8321595662,2409.94355332,1058.22082963,559.738293394,906.647213848,2052.85108766,823.184352559,3207.98500589,3523.99768729,12
140,140,3,10,5,F,24,438,jo,norm,2491.09040654,11.8321595662,1941.45135109,715.299478139,484.01008108,578.243030669,1658.44327426,705.212784883,3436.43875566,3537.42548527,5
141,141,3,9,3,F,31,913,im,norm,1958.75890851,11.8321595662,1692.10743451,973.608632669,300.153586731,754.946244345,1321.39317669,755.868984594,2734.24790925,3338.57082951,3
142,142,3,10,14,F,24,438,vo,norm,2486.4413059,11.8321595662,1921.00274045,991.347381388,427.26398939,745.914313533,1668.30760766,772.040145176,3735.56358254,4319.80788632,14
143,143,4,2,32,F,53,989,vo,syn,2976.90811772,11.8321595662,2844.59142506,402.892542528,114.723888377,228.17927258,2123.6250981,1776.111,1612.41031764,2084.40641268,16
144,144,2,18,28,M,30,992,sc,syn,2401.98110697,11.8321595662,1904.31524859,1080.63180296,162.073372606,756.323977961,1820.53043086,788.110096231,2698.70936471,4119.10637358,12
145,145,2,18,17,M,30,992,im,syn,2185.21724033,11.8321595662,1931.43592777,973.34531962,194.447790777,651.589797602,1520.79163266,849.090215425,1907.4124318,3586.46099296,1
146,146,2,18,1,M,30,992,im,norm,2079.45912413,11.8321595662,1702.50595698,944.183345606,165.415285857,680.73132498,1608.059,799.232484743,1393.29879693,5032.82089635,1
147,147,3,1,15,M,23,465,vo,norm,2451.05937047,11.8321595662,2261.91715012,1128.6510658,270.121021106,692.84391087,1560.09176318,1067.3812861,3174.48409833,3025.27003292,15
148,148,1,6,31,M,37,973,vo,syn,2052.23637129,11.8321595662,1700.72275455,990.371008778,475.875386591,706.784315851,1642.42237487,866.268024342,263.103623698,2857.67794578,15
149,149,6,28,24,F,41,662,jo,syn,1980.18167301,11.8321595662,1628.27192465,567.498565803,361.432231532,431.797747963,1379.24255216,762.887078343,2476.21285864,2524.13031828,8
150,150,1,20,17,F,20,499,im,syn,1812.45845035,11.8321595662,1689.27566531,918.92311505,591.049352888,807.887481226,1492.62583994,756.443594216,230.458106623,3192.45505375,1
151,151,1,3,26,F,29,972,sc,syn,2172.40527572,11.8321595662,1855.73500093,642.061353689,137.005949989,199.638144902,1584.57549991,669.5413746,3216.09498251,3806.04853792,10
152,152,3,2,15,F,53,989,vo,norm,1948.44925827,11.8321595662,1664.00140114,889.951448657,447.576422728,733.496788849,1251.83633298,807.508650032,1678.41925615,1487.21055293,15
153,153,1,6,4,M,37,973,im,norm,2135.30984279,11.8321595662,1687.56065396,1124.36155317,508.954431076,791.102887029,1764.82347062,688.672923272,589.488048839,3954.73291003,4
154,154,3,8,7,F,20,262,jo,norm,2474.42103677,11.8321595662,1987.45133461,821.598904746,245.646622103,457.139530099,1763.03859732,799.808498605,3537.02962175,4128.0236657,7
155,155,1,28,12,F,41,662,sc,norm,2037.5459811,11.8321595662,1487.25279721,1087.83579477,391.686417512,686.333905766,1789.71219965,-199.48884809,12303.4733925,274.541975043,12
156,156,3,10,20,F,24,438,im,syn,1881.62157057,11.8321595662,1355.65682206,1393.75376701,287.493322437,755.725122717,1312.06652033,-147.837924608,9331.67109877,1507.22484618,4
157,157,3,10,4,F,24,438,im,norm,2019.78462367,11.8321595662,1788.58975719,576.463956369,174.225229364,310.90772312,1377.79242049,787.589656721,1922.47054737,3694.31717074,4
158,158,1,6,14,M,37,973,vo,norm,2199.44581607,11.8321595662,1951.51112342,1141.04464055,517.261373719,957.469440597,1894.09129956,873.212878238,574.258312194,4669.91101455,14
159,159,3,8,8,F,20,262,jo,norm,2361.91398668,11.8321595662,2051.95096301,700.045235754,232.832406505,450.204178097,1823.11068191,814.185240386,2069.84336342,3978.89782721,8
160,160,1,20,4,F,20,499,im,norm,1881.4384386,11.8321595662,1693.66277375,949.321379421,589.481684136,795.486987935,1564.89731116,732.370575794,973.555289562,5707.9481993,4
161,161,3,3,5,F,29,972,jo,norm,2103.88224785,11.8321595662,1928.86169089,553.404625105,236.966455395,410.408961309,1475.69332771,877.275220512,1835.53127071,2262.39650394,5
162,162,3,8,26,F,20,262,sc,syn,2510.62095239,11.8321595662,1964.13321579,778.912232892,255.997961503,426.939228475,1727.8920857,811.057959045,4066.57695545,4611.66172513,10
163,163,1,3,29,F,29,972,vo,syn,1960.36412809,11.8321595662,1779.93850812,993.900748774,643.059087494,849.435239047,1691.01079404,785.950895382,444.414793398,2284.91850752,13
164,164,1,2,22,F,53,989,jo,syn,2110.05334768,11.8321595662,1905.36749833,1169.00078614,755.495662202,928.748804256,1827.13432775,824.294994088,391.011827273,2826.25190276,6
165,165,3,3,30,F,29,972,vo,syn,2611.51091537,11.8321595662,2302.83754854,698.003283706,478.896025875,599.302275943,1796.56593787,1146.63617513,2554.80924884,2860.49622747,14
166,166,3,10,10,F,24,438,sc,norm,1829.4819956,11.8321595662,1650.72448078,601.239840659,193.519298923,380.752479355,1251.53386023,762.969100779,3930.44144204,3766.29095928,10
167,167,2,1,29,M,23,465,vo,syn,2244.66667632,11.8321595662,2129.87803574,501.650688345,154.167170294,260.52240452,1446.20428997,1000.81481426,2774.47954215,3039.7084609,13
168,168,2,1,11,M,23,465,sc,norm,2171.40824181,11.8321595662,2043.07702683,436.808575182,119.666942082,163.992207479,1374.04091768,898.052367972,1973.70301262,2019.94560099,11
169,169,2,18,3,M,30,992,im,norm,2028.29621293,11.8321595662,1781.3631466,1100.9794433,208.712754104,743.019034685,1683.74541628,794.19456182,1812.13815447,3981.43043503,3
170,170,1,18,9,M,30,992,sc,norm,2080.99107729,11.8321595662,1943.56186354,1271.32606577,526.042488822,951.308714823,1787.4694183,801.776521952,1137.99296524,3216.02691563,9
171,171,1,6,5,M,37,973,jo,norm,2014.87610035,11.8321595662,1676.78096948,1065.91944156,513.514754094,789.898390663,1680.19412317,830.686499031,620.699612944,3021.69414334,5
172,172,1,2,21,F,53,989,jo,syn,2910.65281671,11.8321595662,2537.50604884,369.651974232,226.175533544,285.220246958,2019.76351128,1297.90605563,3270.65112594,3193.71493191,5
173,173,2,20,15,F,20,499,vo,norm,1817.51744773,11.8321595662,1718.49029509,746.732641875,161.196640118,331.101356451,1267.9212476,733.578559448,2755.63425783,2819.04893565,15
174,174,3,9,21,F,31,913,jo,syn,1630.41665002,11.8321595662,1438.54606555,360.823865829,129.071099678,201.396852017,1154.27716239,774.667054195,1357.53187656,1347.99565631,5
175,175,1,6,1,M,37,973,im,norm,2424.56223567,11.8321595662,2013.85091281,1340.13826581,594.974391137,968.051896621,2114.68156812,888.412746527,484.870742849,5127.06461321,1
176,176,1,6,29,M,37,973,vo,syn,2018.86496521,11.8321595662,1854.92117193,1040.76895566,486.125910779,877.474833422,1622.15233707,880.230431704,208.566477382,2808.15241062,13
177,177,1,18,14,M,30,992,vo,norm,2155.04008321,11.8321595662,1850.38968643,1275.45853268,287.06844863,903.404241012,1847.25870328,780.476383975,1810.22756401,5036.94003352,14
178,178,2,2,23,F,53,989,jo,syn,2373.34666047,11.8321595662,2052.7275309,664.767082507,221.812242536,368.302483055,1705.12347291,1019.61901081,2365.61155154,2392.10035486,7
179,179,1,6,28,M,37,973,sc,syn,1996.85351325,11.8321595662,1811.35252025,1097.13566903,489.885366868,874.134106067,1625.77919801,818.657086287,304.84316691,3743.83682006,12
180,180,2,28,2,F,41,662,im,norm,1955.41871436,11.8321595662,1667.11037637,945.957840129,406.873976566,654.647454607,1540.56636336,789.087760371,3666.22717979,4805.39237656,2
181,181,4,10,3,F,24,438,im,norm,1994.89829617,11.8321595662,1742.79220483,1030.4040298,478.642248606,709.069977751,1321.57574176,846.348,3485.80728366,3776.08122669,3
182,182,4,1,28,M,23,465,sc,syn,2472.54933697,11.8321595662,2100.93033236,423.0968024,129.569429674,203.932196395,1626.40216878,826.559993638,4746.67267048,4806.71278521,12
183,183,4,3,6,F,29,972,jo,norm,2129.94392288,11.8321595662,1938.77200546,212.740539697,90.8219836994,104.759799622,1499.61229276,998.907691209,2180.39191018,2367.77325771,6
184,184,1,6,12,M,37,973,sc,norm,2308.06387791,11.8321595662,1797.08871135,1241.56867847,483.50683087,807.733803508,2035.67267676,855.365514536,219.9675337,2965.86732037,12
185,185,1,20,2,F,20,499,im,norm,2029.42743076,11.8321595662,1700.41504759,1063.6555583,516.726891043,752.324066634,1633.87683785,793.853869904,243.547055945,2100.07625202,2
186,186,6,1,18,M,23,465,im,syn,2168.97364183,11.8321595662,1969.40276691,323.393128522,119.266078917,154.93206454,1375.81300678,1078.96946698,5483.06430054,5901.51260846,2
187,187,4,1,24,M,23,465,jo,syn,2697.85732297,11.8321595662,1884.56400847,450.251323958,114.768414227,327.137045594,1871.65206503,824.782133609,2692.89072158,3042.57643471,8
188,188,2,1,4,M,23,465,im,norm,2586.2176447,11.8321595662,2312.71492784,783.655258731,100.443086555,285.067435086,1688.61874849,822.372674174,5744.66850735,5673.2692917,4
189,189,4,8,6,F,20,262,jo,norm,2282.17640611,11.8321595662,1771.8508321,605.52914505,355.864541019,441.54115711,1599.45144922,797.369598975,2358.54210039,3092.30801855,6
190,190,4,9,13,F,31,913,vo,norm,2932.40322878,11.8321595662,1911.85835491,773.959954574,25.9693779437,406.176744351,2040.29041118,751.015283588,4745.41637273,4078.66761273,13
191,191,3,10,18,F,24,438,im,syn,2372.26819914,11.8321595662,1606.37524601,628.928286965,259.538878202,413.462624674,1565.4522602,666.95192511,3255.06095638,3047.35845115,2
192,192,4,9,27,F,31,913,sc,syn,2664.21238899,11.8321595662,1912.6342378,540.913791914,143.939848016,278.768626365,1884.58622776,704.91457474,3751.40200246,4478.67049276,11
193,193,6,9,23,F,31,913,jo,syn,2407.57393944,11.8321595662,1956.44239863,510.104315451,126.204264033,218.299980448,1704.41420659,882.565857026,3235.83014512,2754.92831104,7
194,194,2,18,11,M,30,992,sc,norm,1947.83252775,11.8321595662,1765.74534755,886.860683929,157.94754682,575.483893489,1551.47732556,991.681,1344.89140295,2730.64992095,11
195,195,3,3,13,F,29,972,vo,norm,2689.62518423,11.8321595662,1851.69023816,778.820094654,351.637824942,557.713250321,1861.44380982,785.350596511,2650.41497846,2728.49236603,13
196,196,1,6,26,M,37,973,sc,syn,2126.52886842,11.8321595662,1770.26774397,1055.27255339,494.360054667,785.404694463,1837.4310885,870.490559385,223.369832122,3135.10258974,10
197,197,4,10,15,F,24,438,vo,norm,2271.80032332,11.8321595662,1881.04236446,1516.61960268,395.033866147,743.541158596,1540.33813718,-148.814861831,10817.5710425,5630.34009877,15
198,198,3,9,14,F,31,913,vo,norm,2518.57101683,11.8321595662,2233.84584829,378.016128397,163.875429339,224.337349118,1734.8046709,870.355653006,5283.16830129,5861.95650397,14
199,199,3,10,11,F,24,438,sc,norm,1890.19012282,11.8321595662,1516.9449805,1399.32163437,234.807387752,536.641494217,1272.03375618,-156.822968663,9171.52256922,3038.77164165,11
200,200,1,6,3,M,37,973,im,norm,2160.87534974,11.8321595662,1923.3167936,1062.99531099,543.737239043,881.720737014,1777.83963577,892.526732121,308.553559077,3307.52002609,3
201,201,3,3,17,F,29,972,im,syn,2246.25392285,11.8321595662,2075.46050211,259.67788446,111.047247236,142.448981492,1570.4130175,1042.28322242,1845.91097,1983.33522338,1
202,202,2,18,2,M,30,992,im,norm,2292.74323427,11.8321595662,2004.38987849,1096.77270502,186.154542185,609.928337559,1601.316,877.560596969,1921.22023382,3329.93306645,2
203,203,4,9,2,F,31,913,im,norm,1812.83131821,11.8321595662,1471.55499808,810.818100257,460.493835879,618.866030843,1214.85967924,691.186926324,3063.81745422,2421.89011101,2
204,204,3,9,28,F,31,913,sc,syn,2439.61597369,11.8321595662,1848.8917628,387.545960137,150.135930717,217.477271318,1675.86595202,203.984435896,4905.6005873,5209.10953,12
205,205,1,28,20,F,41,662,im,syn,1351.93438145,11.8321595662,1296.99459693,557.26882204,452.022156139,467.222415013,1046.95986231,752.878484529,1369.50183263,121.624071591,4
206,206,3,8,1,F,20,262,im,norm,2308.76205025,11.8321595662,2029.88845196,792.003353526,221.111392767,479.39923993,1617.59805073,798.718868032,2778.37976645,3611.54310917,1
207,207,1,6,20,M,37,973,im,syn,2151.37016743,11.8321595662,1822.90624319,1191.94297274,510.9653315,932.167167676,1812.24318691,775.619814993,655.461433385,4793.42871518,4
208,208,4,9,11,F,31,913,sc,norm,2409.6443353,11.8321595662,1721.55911323,753.805139314,321.259689719,497.400356344,1640.84306246,717.961969188,4140.09038083,4469.45126181,11
209,209,2,8,10,F,20,262,sc,norm,2375.46129538,11.8321595662,1985.10614626,818.766222447,325.622652185,507.399670154,1766.15162655,767.263467134,1774.89907046,5460.75154905,10
210,210,1,6,25,M,37,973,sc,syn,2106.50090699,11.8321595662,1719.47653935,1074.25416953,483.032319102,759.98385864,1781.58679286,843.526919243,411.46847558,3859.03409749,9
211,211,6,28,9,F,41,662,sc,norm,2107.42822404,11.8321595662,1722.54335924,1866.81419321,334.204284179,659.289157539,1695.50831627,-267.59304654,7815.46803677,11939.6281431,9
212,212,4,1,30,M,23,465,vo,syn,2294.45347647,11.8321595662,2145.44727139,284.123868826,187.999546516,235.150904569,1494.24495712,1146.28435249,2740.0020591,3161.08192506,14
213,213,3,10,9,F,24,438,sc,norm,1944.8598912,11.8321595662,1541.86189354,1201.98380792,513.189985881,879.488307794,1234.04584458,759.555724809,2483.54452391,2396.43130554,9
214,214,3,8,9,F,20,262,sc,norm,2485.50115906,11.8321595662,2036.29325562,670.832056208,276.210400655,459.731455636,1714.04714085,826.966875722,3777.31604712,4104.24313932,9
215,215,1,2,3,F,53,989,im,norm,2671.82320536,11.8321595662,2008.87334372,1186.87988685,384.684454786,713.523636708,2150.6778211,795.067986677,1754.20537975,3591.91882392,3
216,216,3,10,12,F,24,438,sc,norm,2315.51200139,11.8321595662,1599.53127641,1163.5269987,416.209730074,622.618628302,1687.61348437,779.314964812,4518.09023018,5481.44493456,12
217,217,6,28,28,F,41,662,sc,syn,2225.4835619,11.8321595662,1883.07175526,1064.40707915,421.400795286,862.56111401,1645.70224662,772.224410341,4063.24170953,4876.15005216,12
218,218,2,28,4,F,41,662,im,norm,2275.73325211,11.8321595662,1857.05905041,937.539940002,340.413806779,644.610286452,1575.71489778,729.070107639,2836.64257946,3789.97730636,4
219,219,4,1,14,M,23,465,vo,norm,2455.17932474,11.8321595662,2151.53437589,493.384420776,117.290598889,168.853027284,1608.22265108,961.237319204,6093.18712991,5834.88327964,14
220,220,2,18,10,M,30,992,sc,norm,2163.76635926,11.8321595662,1856.72041066,961.992292416,179.697127468,531.469369468,1536.48878912,821.307,2879.14916903,3398.00213683,10
221,221,2,18,21,M,30,992,jo,syn,2242.51272453,11.8321595662,1938.91061141,918.703708115,233.222026973,659.880095865,1586.03467923,906.947535001,1334.82600836,2691.05022886,5
222,222,2,28,17,F,41,662,im,syn,2122.47537991,11.8321595662,1795.74971771,923.885964874,481.326689045,653.946233499,1590.25962453,754.258760303,2809.40194533,3855.85890834,1
223,223,6,28,26,F,41,662,sc,syn,2217.32801672,11.8321595662,1500.62850242,823.332588519,349.434125969,588.756776104,1535.14404805,755.846525294,2886.55418808,3086.71436938,10
224,224,1,20,23,F,20,499,jo,syn,2206.29816112,11.8321595662,1990.07995255,827.56251479,237.29814087,563.924618954,1507.62207295,763.530369698,2834.29968581,2598.66652105,7
225,225,3,8,23,F,20,262,jo,syn,2357.11169044,11.8321595662,1823.36687651,635.465055857,186.948863768,375.927749605,1668.24049959,823.143675152,3038.14010075,3336.44244476,7
226,226,3,2,14,F,53,989,vo,norm,2744.89000035,11.8321595662,2357.38387022,1183.17979618,517.908330829,966.585580891,1913.988,814.103209784,3950.4890889,3827.45466917,14
227,227,2,18,20,M,30,992,im,syn,2001.88700855,11.8321595662,1802.13525584,988.506793642,195.197275047,662.999161075,1350.31085086,812.846075659,2171.55241389,3141.90215873,4
228,228,6,1,2,M,23,465,im,norm,2995.2342883,11.8321595662,2342.15774102,2208.31956043,208.922349678,693.449745437,2124.77420517,-251.643925102,5491.17646418,15861.6274275,2
229,229,3,3,19,F,29,972,im,syn,2275.00797392,11.8321595662,1920.29058684,418.966810133,115.257434509,211.86098402,1679.22624784,805.842481021,2800.90139815,3026.12036057,3
230,230,1,2,9,F,53,989,sc,norm,2310.61314312,11.8321595662,2095.27628791,863.438481412,549.470744847,740.051109567,1799.43892644,877.463871811,1230.97844124,2662.72688347,9
231,231,6,20,8,F,20,499,jo,norm,1913.17496809,11.8321595662,1833.89274673,591.2915276,326.290941459,376.899678997,1362.82283654,903.08174205,2098.98018652,2176.43480749,8
232,232,2,18,29,M,30,992,vo,syn,2188.55197134,11.8321595662,1975.24906662,1191.73999255,340.216215354,876.007796404,1585.70669298,902.9472579,1245.21273382,3154.9745202,13
233,233,3,1,32,M,23,465,vo,syn,2710.23312783,11.8321595662,2281.72159598,1395.886292,116.713116028,568.296132404,1806.22962253,1033.42483956,3537.1056726,3766.77455566,16
234,234,4,3,9,F,29,972,sc,norm,1805.31145381,11.8321595662,1600.27295979,337.068138986,283.982431708,301.406258578,1256.16602912,907.152174129,748.411046082,1195.3398841,9
235,235,1,18,16,M,30,992,vo,norm,2382.01259614,11.8321595662,2097.63499197,1335.26030574,232.660904125,979.044370665,1855.35771728,780.444605087,2310.69634423,4883.75454131,16
236,236,3,10,29,F,24,438,vo,syn,2824.91784246,11.8321595662,2459.04138058,1018.26496803,411.039983732,585.655603433,1986.63068597,805.22904691,5565.18810359,5809.86190991,13
237,237,1,6,17,M,37,973,im,syn,2168.07186182,11.8321595662,1873.77451884,1118.72440249,477.768741,894.636014001,1842.05026212,843.522978989,345.558236741,4651.44674426,1
238,238,2,20,21,F,20,499,jo,syn,2229.40013125,11.8321595662,1973.68950913,846.129074039,262.712652056,593.787373305,1596.58770101,796.256738261,1902.6368584,3221.53368669,5
239,239,3,10,6,F,24,438,jo,norm,1718.65658614,11.8321595662,1532.88572038,768.616812329,475.628386115,612.463633213,1122.71693305,778.852670299,1212.04249613,1125.96584569,6
240,240,1,6,18,M,37,973,im,syn,2140.02851071,11.8321595662,1873.54019564,1081.62973562,515.690783097,866.779644536,1846.50497125,838.135552138,341.427973703,4306.03372533,2
241,241,4,9,17,F,31,913,im,syn,1949.9688255,11.8321595662,1620.72220508,649.543015903,192.56027252,329.472641514,1263.39491411,729.662955227,3218.97649137,3738.80442305,1
242,242,2,18,24,M,30,992,jo,syn,2032.4400227,11.8321595662,1737.46929215,948.558121738,170.087107084,653.035678033,1510.43072236,886.582907088,1784.92629077,4231.40541121,8
243,243,3,1,17,M,23,465,im,syn,2885.81617639,11.8321595662,2271.37529453,1407.35710168,142.087814385,859.041251225,2004.90269712,861.820216943,7160.85591629,6474.14735948,1
244,244,3,2,29,F,53,989,vo,syn,2800.89579796,11.8321595662,2389.74630869,1295.92975428,391.233176803,867.718137821,1860.39181629,745.807739724,3877.48862113,3958.68573037,13
245,245,2,28,10,F,41,662,sc,norm,2177.71707702,11.8321595662,1796.79559162,1218.07107128,254.097901399,730.575253241,1729.4230813,-125.647893773,1970.09980083,9707.35756525,10
246,246,2,20,9,F,20,499,sc,norm,2213.1556409,11.8321595662,1963.21262488,617.006785641,225.743417098,348.41927604,1542.39843067,761.960953756,2712.62941305,2428.60826379,9
247,247,3,9,29,F,31,913,vo,syn,2735.62685616,11.8321595662,2223.01740147,347.456477068,193.020292939,251.754363967,1951.276044,933.00685104,2592.03336458,2795.69957862,13
248,248,3,8,4,F,20,262,im,norm,2345.54971899,11.8321595662,2000.28882514,850.483171666,325.295890597,556.362753884,1690.10569998,796.053592324,2508.08309107,3414.34716618,4
249,249,3,2,24,F,53,989,jo,syn,2133.31492063,11.8321595662,1919.89403506,852.48095697,332.412842299,675.864525808,1454.12960663,854.910306772,2321.11770206,2200.90415824,8
250,250,1,20,6,F,20,499,jo,norm,1871.11866445,11.8321595662,1687.19781764,947.767554021,578.194019566,758.610450622,1438.11324529,786.139208346,647.256898283,4427.31619616,6
251,251,2,20,5,F,20,499,jo,norm,2253.15188882,11.8321595662,1777.45570391,740.801904747,212.211747932,556.292626792,1737.35879791,792.746397547,1348.11326909,2472.0584765,5
252,252,3,1,31,M,23,465,vo,syn,2351.02049251,11.8321595662,2112.9518427,762.753320079,193.587575609,458.899477888,1559.10111015,966.165914996,4650.648928,4767.44404364,15
253,253,4,9,19,F,31,913,im,syn,2229.65308938,11.8321595662,1879.54249569,636.839475162,208.790298252,294.730338343,1547.07057175,665.785083775,3553.11858633,4004.80361313,3
254,254,4,8,21,F,20,262,jo,syn,2124.13124283,11.8321595662,1653.25402726,652.026050452,230.378861392,369.113625644,1458.77661695,805.22557764,2503.43445352,2559.33493182,5
255,255,4,1,21,M,23,465,jo,syn,2209.83092556,11.8321595662,2003.91475152,477.137502368,139.573909351,233.168411142,1393.28618,998.037454208,5712.24830461,5156.20202008,5
256,256,2,18,22,M,30,992,jo,syn,1886.88693462,11.8321595662,1561.67696551,984.082741726,164.657895357,597.419944458,1312.04189026,861.278738577,1151.50799343,2342.19203683,6
257,257,3,9,25,F,31,913,sc,syn,2602.02697923,11.8321595662,2108.85007847,806.048634965,151.581193877,265.500252642,1787.21042714,790.250977122,4178.7472758,4584.09872156,9
258,258,3,20,25,F,20,499,sc,syn,2220.41275923,11.8321595662,1921.41625041,782.166682024,133.793230879,406.035130577,1592.46379124,791.250039298,1911.52496635,3135.24440243,9
259,259,3,3,14,F,29,972,vo,norm,2048.95996203,11.8321595662,1844.12121136,421.530340464,123.0653699,166.820983026,1455.23577674,915.431054566,1665.29326018,2001.0789435,14
260,260,4,3,21,F,29,972,jo,syn,2127.12976279,11.8321595662,1842.20012823,565.796235126,159.607282321,244.080461409,1482.83514759,777.266614351,2138.79386382,2613.47660802,5
261,261,3,28,27,F,41,662,sc,syn,2314.47989022,11.8321595662,1597.55088788,939.169650434,384.077223162,722.180929806,1684.65599978,747.147751905,4320.59859111,3691.38803814,11
262,262,1,3,8,F,29,972,jo,norm,1963.47367604,11.8321595662,1724.98047617,1048.60808077,189.772987776,778.797800124,1694.81970027,748.268863626,2488.86349837,4865.48382241,8
263,263,3,8,32,F,20,262,vo,syn,2626.15800456,11.8321595662,2119.8164361,823.307564661,208.565357625,452.781303333,1796.89866171,811.456765179,4568.80838844,4592.01492115,16
264,264,4,1,1,M,23,465,im,norm,2402.90739641,11.8321595662,2100.71881944,1122.15083802,477.613690512,799.153674072,1563.16760671,841.814998435,2621.99968624,2735.68882759,1
265,265,6,9,6,F,31,913,jo,norm,2360.09352272,11.8321595662,2097.73045518,617.6602239,241.964377699,344.360173164,1732.34078436,1177.00649968,2597.71099394,3221.91500369,6
266,266,1,6,10,M,37,973,sc,norm,2270.71882201,11.8321595662,1955.24037891,1201.20188934,485.225676294,927.321534021,1962.93676027,884.568347664,267.150920047,4583.32980368,10
267,267,3,2,4,F,53,989,im,norm,2271.27281261,11.8321595662,1786.74289031,1085.33411132,360.406339043,870.277981941,1523.71344806,783.83875353,2750.11075637,2825.45145158,4
268,268,2,18,18,M,30,992,im,syn,2126.4040762,11.8321595662,1783.17476159,968.592127337,197.062600765,588.234437589,1447.52050103,792.993252682,1366.70875991,2954.63573923,2
269,269,3,3,28,F,29,972,sc,syn,2556.74089497,11.8321595662,2081.19796454,1412.00834113,37.5533749983,443.708366103,1784.04824128,-146.442254125,9406.09012878,3476.53553609,12
270,270,1,2,20,F,53,989,im,syn,2116.67888063,11.8321595662,1898.12587398,1190.87242132,505.538361964,996.394079344,1807.70035644,807.579388455,493.614923771,3013.3323928,4
271,271,6,10,32,F,24,438,vo,syn,2030.63758524,11.8321595662,1636.6800971,815.953683112,410.664291006,625.148838236,1404.87313465,793.893678504,3126.06070054,3485.37033266,16
272,272,2,20,11,F,20,499,sc,norm,2287.33401954,11.8321595662,2174.78423132,721.089897429,176.474064809,321.584169645,1602.98857898,1050.66770449,1960.04350538,2940.50418147,11
273,273,3,10,31,F,24,438,vo,syn,1990.91795763,11.8321595662,1739.84004608,614.260723187,199.760355938,345.947439652,1400.35774449,789.271993304,1650.06302353,1781.3152263,15
274,274,6,1,16,M,23,465,vo,norm,2338.60230545,11.8321595662,2166.96889883,1000.92657426,165.753252815,323.365954648,1586.59479655,874.999401369,7010.36701163,8413.93352175,16
275,275,4,1,7,M,23,465,jo,norm,2339.43531864,11.8321595662,2262.0486116,281.574240379,77.3379987364,143.838409609,1517.67373078,1261.39346326,2621.60004934,2644.93813704,7
276,276,3,8,29,F,20,262,vo,syn,2963.46986352,11.8321595662,2008.53724249,1977.80483391,245.866474108,563.635789219,2220.35927783,-121.966299752,2924.6026058,14369.1492841,13
277,277,4,3,27,F,29,972,sc,syn,2348.60651105,11.8321595662,2085.53806077,616.013845341,149.366694059,262.114092172,1638.43962106,694.977882159,4736.59438653,5167.76772017,11
278,278,4,1,23,M,23,465,jo,syn,2012.24480049,11.8321595662,1972.08430642,257.759110046,145.070757049,165.940618138,1236.03885509,1129.1523044,588.70781838,573.327004515,7
279,279,3,8,11,F,20,262,sc,norm,2291.10751867,11.8321595662,1966.65268524,635.675142892,274.787058165,383.918665098,1643.00406398,827.036500645,2162.79828502,3087.48192734,11
280,280,6,9,8,F,31,913,jo,norm,1902.96190152,11.8321595662,1720.02431589,592.314617917,271.306288231,423.261768507,1328.6066062,673.906623907,3400.26843362,4395.49643503,8
281,281,1,6,9,M,37,973,sc,norm,2109.24319589,11.8321595662,1855.37193449,1049.23802247,478.76315719,873.744170962,1792.77515468,832.186980302,492.222958805,5075.98745982,9
282,282,3,28,22,F,41,662,jo,syn,2114.11731872,11.8321595662,1624.94928606,1153.20711576,444.511387337,833.201012002,1540.32239408,763.069482347,2440.67363623,4240.90131534,6
283,283,4,3,25,F,29,972,sc,syn,2138.16349646,11.8321595662,1841.68854405,470.006756396,127.824879803,213.091375193,1464.74169196,854.955817363,2711.35334304,2161.73368343,9
284,284,4,1,3,M,23,465,im,norm,2246.18761719,11.8321595662,2126.15761883,238.124835507,120.013737093,152.237715123,1435.83657438,1225.16010426,1468.46282936,1787.57722225,3
285,285,2,9,22,F,31,913,jo,syn,2202.19859992,11.8321595662,1998.70774176,568.796714875,174.447353525,328.913071444,1515.71483423,724.548002089,2454.01841829,3429.23537542,6
286,286,6,28,15,F,41,662,vo,norm,1891.06142156,11.8321595662,1644.11710666,762.926626787,377.371685699,522.974682568,1432.78624357,753.16058954,3972.06936859,4009.53664885,15
287,287,1,28,31,F,41,662,vo,syn,2342.74913713,11.8321595662,1793.34375045,691.89234607,251.595898421,485.467882931,1660.76728751,763.852487963,3206.68124996,3634.62536893,15
288,288,3,28,5,F,41,662,jo,norm,2015.28785935,11.8321595662,1532.26036552,1212.07369291,432.197967135,861.223483786,1618.89920291,770.340330443,2729.32541608,4614.58563236,5
289,289,1,20,27,F,20,499,sc,syn,1836.74905833,11.8321595662,1791.85551729,904.516650909,641.195784416,793.255077183,1498.08043012,806.456108044,378.6742783,3142.74049567,11
290,290,4,1,13,M,23,465,vo,norm,2562.50926539,11.8321595662,2073.3495284,244.630883208,103.358480843,116.877874404,1727.65230537,802.75457552,9626.87595787,9440.89787799,13
291,291,2,2,30,F,53,989,vo,syn,2872.04524679,11.8321595662,2687.45316537,429.638957043,214.410132085,289.868490387,1997.78518384,939.032388013,3151.913453,3425.87283137,14
292,292,4,28,11,F,41,662,sc,norm,1811.37174009,11.8321595662,1669.67135012,635.739527481,342.614938151,499.770013359,1283.81,737.060051632,3354.24721219,3926.65682246,11
293,293,4,3,11,F,29,972,sc,norm,2197.93912564,11.8321595662,2013.90766013,915.312224683,435.354260327,614.018842989,1520.67609609,1108.48052546,3271.46645391,3413.06707124,11
294,294,1,6,2,M,37,973,im,norm,2145.6734576,11.8321595662,1831.25778565,1086.12463389,522.218799725,828.419963999,1721.48022326,882.653065581,641.703260742,4516.14905853,2
295,295,4,20,13,F,20,499,vo,norm,2018.51585699,11.8321595662,1960.84155213,414.259753607,205.25101437,286.446056815,1387.75127782,1181.61264468,2075.49417482,2271.53108375,13
296,296,4,3,1,F,29,972,im,norm,2021.84948448,11.8321595662,1686.73846908,430.951618056,86.0163646877,143.290135791,1421.27074792,804.80208712,3375.81141707,3830.54101963,1
297,297,2,28,1,F,41,662,im,norm,2394.55455795,11.8321595662,2127.69817794,1263.61511726,378.878920253,989.208257541,1672.96451902,814.231908663,3002.48540915,4192.68636836,1
298,298,3,8,27,F,20,262,sc,syn,2339.80750368,11.8321595662,1899.70478176,841.152479781,362.254092271,567.840936154,1671.51973573,797.485013764,2898.57785382,3538.14094115,11
299,299,4,3,3,F,29,972,im,norm,1926.79480488,11.8321595662,1609.96863758,317.647943528,71.8597606826,141.131547208,1395.50673247,850.049291544,1788.65158254,2206.49949072,3
300,300,3,2,17,F,53,989,im,syn,2614.34140736,11.8321595662,2481.53455079,911.828641875,286.154423446,613.900707545,1772.88035463,889.280743304,4156.77583844,4097.26472614,1
301,301,6,28,21,F,41,662,jo,syn,2191.24536418,11.8321595662,1845.96902208,775.851568986,419.269679769,621.032932988,1624.73575847,780.234403455,2905.53318289,3872.2367774,5
302,302,4,1,5,M,23,465,jo,norm,2391.66743776,11.8321595662,2092.4414391,666.830325596,461.045077705,540.391063681,1648.41139286,835.75779356,3758.78040233,3612.39294122,5
303,303,1,18,19,M,30,992,im,syn,2049.57840128,11.8321595662,1659.16664945,1107.68388979,163.630226103,731.231919,1679.90056842,794.955681947,777.133106921,3910.99600431,3
304,304,1,18,12,M,30,992,sc,norm,2120.56115902,11.8321595662,1774.09118706,1047.71822558,162.234399585,573.531250532,1476.915,816.513412398,1666.01229176,3060.43291134,12
305,305,2,2,18,F,53,989,im,syn,2756.35694206,11.8321595662,2583.35644584,1297.95393039,327.429141512,930.69047407,1834.08592678,1339.63662137,3275.53671104,3429.99486216,2
306,306,1,3,23,F,29,972,jo,syn,2158.29540842,11.8321595662,1926.1330846,1278.6633434,511.45666938,987.146605329,1877.85046397,680.461328837,602.28270189,5178.65132401,7
307,307,1,6,23,M,37,973,jo,syn,2082.67661712,11.8321595662,1887.81438194,1022.90030725,556.077101215,884.902379519,1763.71249815,882.690907549,462.792697199,3654.71474572,7
308,308,1,6,11,M,37,973,sc,norm,2103.5094391,11.8321595662,1852.3063408,1032.61707556,513.897401083,838.315618683,1784.37067172,865.99504499,223.135245998,3102.94610635,11
309,309,4,8,3,F,20,262,im,norm,2368.46862527,11.8321595662,1993.5153172,543.297790333,229.178035496,328.114080495,1588.37048094,824.275618734,3425.73071882,3510.31482693,3
310,310,4,10,13,F,24,438,vo,norm,1692.57366547,11.8321595662,1418.65005456,544.302089835,268.833169586,427.51503647,1120.65268508,778.735394307,1782.78897675,1792.38716894,13
311,311,3,1,9,M,23,465,sc,norm,2697.9994608,11.8321595662,1601.84182167,471.325230602,118.791207784,385.967351768,1871.76909616,821.597080038,2620.75870598,2958.79712638,9
312,312,3,10,24,F,24,438,jo,syn,2134.35195981,11.8321595662,1756.77619787,546.613063733,298.044481591,399.062755315,1495.84879691,759.139779387,2549.64693266,2993.60135735,8
313,313,1,20,24,F,20,499,jo,syn,2036.45435029,11.8321595662,1890.0181031,1100.86936035,572.71803447,978.456812835,1769.22574132,673.57061203,662.324377676,4415.19467353,8
314,314,3,10,25,F,24,438,sc,syn,2243.81102632,11.8321595662,1796.39558547,1050.63587543,335.077517982,565.132663759,1542.70125184,709.338773509,6093.99052331,6355.93066944,9
315,315,6,9,9,F,31,913,sc,norm,2119.0441653,11.8321595662,1861.04168309,601.047250912,214.059099894,363.271513179,1455.95484951,771.713951034,4493.32146176,4132.14319285,9
316,316,2,20,16,F,20,499,vo,norm,1901.31753216,11.8321595662,1765.73284635,927.685273027,568.887501351,797.52346434,1538.02333869,808.79509435,220.818461619,2566.64046294,16
317,317,6,28,29,F,41,662,vo,syn,1948.26850147,11.8321595662,1662.52235985,883.764053475,533.199953605,689.64946999,1556.32566535,772.589939359,2258.68184293,4797.80026753,13
318,318,3,8,31,F,20,262,vo,syn,2421.84456952,11.8321595662,2073.32370843,716.834280174,203.790957821,416.552960411,1703.88407858,811.252937057,4266.46534146,4907.40401334,15
319,319,4,8,19,F,20,262,im,syn,2246.04205585,11.8321595662,1842.22340948,606.278266841,198.141157685,317.324963446,1508.13126479,817.158816231,3894.70066538,3941.8797447,3
