	key	handstrat	participant	melody	sex	age	score	genre	proc	qommax	qommin	qomav	handdistmax	handdistmin	handdistav	zmax	zmin	distlh	distrh
0	0	3	10	27	F	24	438	sc	syn	2571.1905250576	11.8321595662	1849.1842438739	697.1156332697	287.669551724	472.0413962261	1828.51082005	836.801392097	5165.0698980383	5601.0162570916
1	1	5	1	25	M	23	465	sc	syn	2911.6609304319	11.8321595662	2574.227021065	1408.767884707	215.1947013971	795.7908699911	2028.03552287	947.262964844	6656.6400025039	6718.585072981
2	2	4	1	10	M	23	465	sc	norm	2544.3002610212	11.8321595662	2357.3003803752	1002.493835192	180.926554919	576.3689334982	1708.50776225	1117.94850224	6115.0306524408	4756.876381948
3	3	1	6	8	M	37	973	jo	norm	1982.5857514046	11.8321595662	1681.2605677008	1012.2668079915	490.5319320276	763.9007752843	1587.29823953	837.096934786	309.069240133	2800.2758786151
4	4	3	2	7	F	53	989	jo	norm	2447.3584561305	11.8321595662	2146.2035235411	701.5901441345	578.2002356786	656.7265495308	1665.28228117	725.052841224	3506.4749388338	3762.0239597079
5	5	3	2	16	F	53	989	vo	norm	2799.2685711263	11.8321595662	2535.011047088	678.580371974	509.3430310361	592.4191663934	1922.44075839	804.209826601	3942.5245101624	4533.3329757123
6	6	6	10	8	F	24	438	jo	norm	1805.4933171114	11.8321595662	1497.3534184604	719.5271602448	409.7756967504	556.7304743157	1295.37917303	793.557272743	1943.0616582618	2648.2548019815
7	7	3	10	28	F	24	438	sc	syn	1912.1368063592	11.8321595662	1601.2717438544	985.1969505047	240.6917847356	474.907652187	1394.47595674	759.469719987	5070.9595240013	4193.1136100483
8	8	1	28	32	F	41	662	vo	syn	2012.6450517438	11.8321595662	1687.8862048303	919.2842796625	376.6404942057	582.918575067	1640.65375074	760.346469391	3200.7968981716	4961.7074649092
9	9	4	1	8	M	23	465	jo	norm	2422.2153440621	11.8321595662	2074.9561530136	646.3290296652	173.8599536739	260.7989371118	1549.66233488	954.205310814	4899.6733143835	4588.7028441565
10	10	2	20	22	F	20	499	jo	syn	2374.1968237083	11.8321595662	2223.102303873	704.4704560148	201.9003097243	461.995442186	1776.02013066	1164.94094073	754.5481901828	4337.6041330953
11	11	2	18	31	M	30	992	vo	syn	2177.6420325857	11.8321595662	1948.7178698212	979.899574382	143.4568156983	640.9697296657	1440.977	993.963515614	2630.0812971147	3738.3459615023
12	12	3	10	1	F	24	438	im	norm	2183.7356245199	11.8321595662	1902.0778446729	1135.3734514268	69.2937658278	649.7522934933	1370.86733804	800.244999895	3014.8665689864	3055.2637289395
13	13	2	28	14	F	41	662	vo	norm	1995.4433680354	11.8321595662	1775.0593165871	935.299412754	137.4128412714	691.6136171803	1573.9804379	746.72317784	4308.8482574163	4550.0435473146
14	14	4	9	1	F	31	913	im	norm	2519.9850807439	11.8321595662	1936.2476878028	689.2715833065	175.9597775345	315.6684571625	1766.7020994	485.713127966	4961.6174071265	4903.8763122806
15	15	2	2	31	F	53	989	vo	syn	2946.234462552	11.8321595662	2275.616336157	1599.3404357347	266.3947005781	597.6196687705	2506.7505433	757.70404185	1750.342180959	7303.8444203924
16	16	4	9	26	F	31	913	sc	syn	2560.0236801277	11.8321595662	1981.5793453479	589.7209846496	174.7364005319	279.9123821779	1802.61287055	675.087411415	5559.2304376049	6853.182869766
17	17	3	3	24	F	29	972	jo	syn	2457.6198491039	11.8321595662	2182.7286834661	905.7349889406	593.1352524419	757.5299377638	1701.41136776	693.498186076	4053.040204495	4389.6599045521
18	18	3	2	25	F	53	989	sc	syn	2981.957829753	11.8321595662	2108.9007570675	671.1869540245	199.7389859361	434.9159667532	2199.60883499	802.289838579	3676.4567636488	4548.5583931712
19	19	3	8	16	F	20	262	vo	norm	2483.2196707277	11.8321595662	1915.8090445296	639.9468824928	242.3377807434	441.7674165549	1707.77308106	810.726322981	3309.3384127363	3506.8133240664
20	20	3	2	12	F	53	989	sc	norm	2829.3071067131	11.8321595662	2319.9955183084	552.1951252236	350.0147249231	420.85307471	1954.35128468	906.239017484	3039.6096847084	2500.6119178557
21	21	2	28	13	F	41	662	vo	norm	2102.9193327936	11.8321595662	1678.2391523107	922.0296136826	409.93300015	683.7975498911	1588.42657545	756.317543138	2303.6295978399	3603.5750552748
22	22	1	18	30	M	30	992	vo	syn	2035.3093851619	11.8321595662	1782.5666803238	1004.1133813104	112.8116192331	730.4869137886	1552.2717117	826.137208336	1877.0207028519	4407.2920349505
23	23	2	8	18	F	20	262	im	syn	2355.2811809069	11.8321595662	1672.3969790957	659.6015185638	204.2609206665	451.0807050381	1662.93313541	801.316584869	4195.2093727302	3839.82905556
24	24	1	6	30	M	37	973	vo	syn	2244.6276448888	11.8321595662	2001.2138882172	1194.5326855384	509.7067084988	996.342700734	1865.39451028	884.95694114	377.9738867446	3560.217541582
25	25	1	18	32	M	30	992	vo	syn	2292.9016426408	11.8321595662	1967.7832751837	1139.0818358458	279.5399869661	735.7727467045	1513.74567721	817.149291052	3481.3424297188	6031.4240247824
26	26	2	20	32	F	20	499	vo	syn	2345.6130715613	11.8321595662	2021.2574132292	747.9476691527	182.5826873399	571.4299091854	1599.7184123	782.321327222	3249.8830154136	3274.0634809943
27	27	4	28	30	F	41	662	vo	syn	2267.4945105046	11.8321595662	1764.0988694149	998.9836878056	424.0992014263	698.1533940563	1571.25045039	767.639227544	4788.0402073426	5087.8299194943
28	28	2	18	7	M	30	992	jo	norm	2070.508979783	11.8321595662	1753.6668219824	1016.3357183924	188.1352163239	622.7851534908	1567.93112656	809.02210652	2230.1691000167	4309.4934408326
29	29	4	9	10	F	31	913	sc	norm	2529.9632828495	11.8321595662	2102.0180407486	642.6786340449	156.471244299	301.4885960374	1738.52517659	779.50740087	4405.8442878493	5249.872238272
30	30	3	9	5	F	31	913	jo	norm	2399.9574734055	11.8321595662	2012.1092686732	1017.6972441405	178.0076174659	430.9433022015	1846.60973122	800.815695657	3616.9179889652	4875.734505891
31	31	5	28	6	F	41	662	jo	norm	2081.7217562876	11.8321595662	1688.9989462189	952.3005756515	394.908986192	696.9613652696	1603.21857736	750.713259995	2277.6865355725	3571.8851562408
32	32	2	20	19	F	20	499	im	syn	2349.0587778689	11.8321595662	2215.4338518706	662.4309220203	152.3324840643	383.3259031031	1658.75658207	690.170830098	3727.3822329758	3827.4571221682
33	33	1	20	29	F	20	499	vo	syn	1832.2171367183	11.8321595662	1716.4097864336	891.5393288618	611.1422638209	806.405617132	1491.39340077	743.290375811	557.8647931493	3491.4018881027
34	34	2	28	3	F	41	662	im	norm	2089.3783850684	11.8321595662	1746.618214692	946.2557854751	419.1946408229	497.7898249222	1518.74057738	-74.4144881993	4263.4195692217	7462.1456766817
35	35	6	10	7	F	24	438	jo	norm	1887.6728276014	11.8321595662	1737.8750234682	567.5856549865	415.2378590782	469.1570929462	1231.91032928	785.566664329	2497.0435453519	3413.889107265
36	36	4	3	4	F	29	972	im	norm	2251.2249947968	11.8321595662	1911.3014877156	623.8415386673	103.2439432394	264.9568350332	1545.14800535	743.626246408	5251.7774344276	5195.4331029716
37	37	6	9	12	F	31	913	sc	norm	2251.6617049055	11.8321595662	1698.7761635288	656.4538334889	223.7739450891	354.9328213403	1658.85708933	698.05175151	4178.341537115	3635.2235069016
38	38	2	20	28	F	20	499	sc	syn	2083.5847688784	11.8321595662	1937.9618902639	710.5663996611	190.298579838	289.0978731648	1465.80593974	786.449014316	2569.4217170859	2225.1731873525
39	39	2	3	22	F	29	972	jo	syn	1976.0153438291	11.8321595662	1756.8219117644	600.0577248545	84.7455340245	216.5585187048	1418.53359622	989.21267503	1731.1087349596	2225.9045518735
40	40	6	28	23	F	41	662	jo	syn	2221.4198678957	11.8321595662	1750.8304676441	806.5201951001	272.2011369577	482.9294998258	1645.01787972	750.680181513	5313.5309902991	6493.3052867283
41	41	3	2	27	F	53	989	sc	syn	2543.6802553799	11.8321595662	2399.1894148672	834.8814418037	521.8606223242	717.6606797143	1748.62312802	1044.54340051	2833.5907489605	2933.1987347368
42	42	2	20	18	F	20	499	im	syn	2197.6807759861	11.8321595662	2081.1548340393	736.3619432516	188.8966369955	322.3224516492	1534.05675517	789.42786716	1722.8629579699	3049.7481584589
43	43	2	18	25	M	30	992	sc	syn	2002.7113461698	11.8321595662	1793.2739838455	1033.9602746917	193.4191047875	676.8386409561	1338.84923516	914.169486493	2984.4668278842	4845.920998733
44	44	1	18	26	M	30	992	sc	syn	2600.0033934193	11.8321595662	2032.7454360343	1542.6005511041	283.1922074246	896.8263751753	2200.03848886	-189.789556366	2042.5566065552	16814.6117279188
45	45	1	28	19	F	41	662	im	syn	1826.4746688385	11.8321595662	1492.1019737756	954.1994669188	156.6380035901	569.6311105058	1535.35416635	744.603126594	3897.1338484678	1218.5971369399
46	46	3	8	20	F	20	262	im	syn	2413.9454779748	11.8321595662	1803.5425496223	591.460482711	209.3288419416	374.4925421699	1641.31481737	804.670904549	3214.9583778386	3263.9782153794
47	47	3	1	20	M	23	465	im	syn	2832.4644354855	11.8321595662	2258.0118949849	1407.9240673038	390.6313517696	970.7699871283	1974.09282404	863.010424685	6385.6599229828	5604.2744475682
48	48	4	3	12	F	29	972	sc	norm	2383.457497792	11.8321595662	1927.4548328124	418.4906262245	120.4296737118	169.8250232527	1663.14701514	814.978267626	3221.1315616102	3538.7087692456
49	49	3	18	23	M	30	992	jo	syn	2212.8948302241	11.8321595662	1823.4073606896	1043.7510667447	138.2519849618	561.4793788791	1457.29915979	801.274364862	2979.0998775293	3901.016895614
50	50	1	2	5	F	53	989	jo	norm	2028.3758804467	11.8321595662	1670.8161714982	1076.1656191469	442.170338379	772.9732428296	1720.49650418	783.601662159	846.6318354046	4021.531466089
51	51	2	18	13	M	30	992	vo	norm	2515.9586679106	11.8321595662	1914.2673322096	1209.0859462465	181.2986947138	614.0466978482	1811.49973192	808.320059019	2594.6840298883	4298.0624395455
52	52	1	20	10	F	20	499	sc	norm	2116.5701084259	11.8321595662	1855.1979077442	1182.0504510458	575.6496921759	938.3405963529	1765.46042922	798.361405415	673.5959659648	3914.8589981701
53	53	1	6	19	M	37	973	im	syn	2149.5282652151	11.8321595662	1817.5990979497	1192.162387945	496.5669077711	930.6108736135	1829.91298804	857.243110796	574.2275601543	2844.3999497548
54	54	1	20	31	F	20	499	vo	syn	1877.9248077542	11.8321595662	1763.9449441468	934.7617880227	615.8618215672	834.4955752199	1523.81780609	789.383368496	537.5550420837	1974.4850813964
55	55	1	6	24	M	37	973	jo	syn	1913.6388176669	11.8321595662	1695.739342762	910.9887423533	478.3872429854	750.2232810636	1523.81500877	859.223997693	290.6043915406	2051.8855726849
56	56	4	9	30	F	31	913	vo	syn	3226.0808668255	11.8321595662	2476.2458079473	2163.3339430591	206.3489240509	385.0940962498	2295.96831637	53.5511365069	16174.0878102336	5349.7747788543
57	57	1	6	6	M	37	973	jo	norm	2013.1619899891	11.8321595662	1688.9967715331	1028.1559035879	497.5478322623	768.9415738725	1621.5292316	838.915959214	110.9623141957	2647.595192212
58	58	3	8	25	F	20	262	sc	syn	2344.3964616542	11.8321595662	2009.2316243663	599.1552835917	220.7284017894	419.0111363605	1713.03514998	822.893127	3659.1843198995	6008.2138491321
59	59	3	8	17	F	20	262	im	syn	2194.1553362764	11.8321595662	1808.6355495086	648.8003526683	182.4651018831	359.8568407331	1508.70702546	778.439058392	3345.639287267	4520.4599572242
60	60	3	8	14	F	20	262	vo	norm	2567.6212127181	11.8321595662	2096.8098167284	1402.7767544848	191.2943803132	704.2089431767	1782.06185038	817.293326809	4745.6184520118	4889.9823713821
61	61	4	3	2	F	29	972	im	norm	2083.5563245243	11.8321595662	1922.3977342958	376.1494933475	137.2655375714	173.3705092026	1396.14914583	810.397229413	1955.0657338824	2163.7159270814
62	62	3	8	28	F	20	262	sc	syn	2393.1416605269	11.8321595662	1916.2098158043	1426.3766635589	246.962976465	577.3342430757	1679.87899673	725.626035088	4821.96230616	4755.6188754533
63	63	4	3	31	F	29	972	vo	syn	1782.0047219298	11.8321595662	1638.7613418756	513.7653201563	109.8193703151	209.866368253	1192.09969765	800.974	1695.1321517046	2029.7186725373
64	64	3	10	30	F	24	438	vo	syn	1961.3277965777	11.8321595662	1751.7913617066	537.2763394968	312.1633710556	399.6181112834	1287.12585147	791.216809853	4017.0229841363	5206.0392852974
65	65	2	18	6	M	30	992	jo	norm	1778.2511786799	11.8321595662	1603.6673359957	844.4888267009	222.6767122108	617.7761408457	1251.22177007	842.899383801	1423.2557873049	1801.0737532563
66	66	1	6	32	M	37	973	vo	syn	1852.5703282835	11.8321595662	1648.4414158454	849.1245303493	460.775010409	680.0636762317	1426.36689251	850.924712974	214.9229679599	2760.1404925775
67	67	1	6	16	M	37	973	vo	norm	2190.3226136685	11.8321595662	1700.684180298	1150.4722403058	464.7243921245	713.1565061005	1846.77051384	852.673720778	146.9124156184	2602.4228972328
68	68	1	20	12	F	20	499	sc	norm	1904.6508598069	11.8321595662	1819.6766310454	965.3954742836	604.2751630338	822.5838649005	1600.28271553	728.108044371	231.4413417123	3342.4921844755
69	69	2	28	25	F	41	662	sc	syn	2084.6532613283	11.8321595662	1687.8214635825	1610.8738422277	428.9120983341	706.2835482704	1552.96677695	-115.304569612	8770.6443425543	3412.6947715856
70	70	2	20	30	F	20	499	vo	syn	2256.6624083407	11.8321595662	2169.8286102786	867.3919055256	186.5821372737	478.6093605616	1549.90667097	796.700579996	3099.1682448208	3728.4127959863
71	71	6	9	7	F	31	913	jo	norm	1690.5065857587	11.8321595662	1523.56347954	588.1919819233	355.2179480635	498.0547546388	1186.47173092	722.663421128	2958.4104356558	3135.5835355163
72	72	2	9	15	F	31	913	vo	norm	2389.5518676755	11.8321595662	1907.3814355747	1153.3837469912	111.0163337193	588.6018524816	1806.8059407	879.669498026	3077.429311378	4505.6384851302
73	73	6	1	27	M	23	465	sc	syn	2315.9685682235	11.8321595662	2062.5733096467	1105.100595166	150.7519308703	412.0703762532	1516.38723201	972.874827433	3739.6076842896	4525.655375087
74	74	4	3	10	F	29	972	sc	norm	2383.3000011746	11.8321595662	1876.2176664968	326.946597691	102.2200201217	173.7740110574	1627.29651992	940.921991319	2288.9580063303	2091.3578824968
75	75	3	2	2	F	53	989	im	norm	2566.203150777	11.8321595662	2379.286817464	902.8863924484	437.5142267742	737.423414958	1706.97178657	1068.7748445	3187.3635841824	2995.7443623757
76	76	3	2	19	F	53	989	im	syn	2756.3507458396	11.8321595662	2050.1059156701	1096.9547320792	550.3657813327	800.8156357535	1863.34029741	822.801206168	3759.5077019543	3629.7023647445
77	77	2	8	2	F	20	262	im	norm	2392.3983591389	11.8321595662	1868.1473703923	660.566691599	248.0305491682	470.8367003111	1877.96897082	807.075083212	2050.3317222199	3283.5488829295
78	78	1	20	7	F	20	499	jo	norm	1667.6292057085	11.8321595662	1569.547920257	774.4974213632	510.3826438292	595.8804888392	1137.37968402	799.984305325	809.4011077983	2005.7001605147
79	79	1	2	1	F	53	989	im	norm	2285.6072735994	11.8321595662	2053.1802724985	406.111117008	209.5964921124	258.3632391338	1510.96730694	1142.47828359	1069.9897702867	1083.7214122099
80	80	2	18	27	M	30	992	sc	syn	2238.108217043	11.8321595662	1926.9829123641	922.4266716753	233.8820169804	537.908756043	1479.73920796	810.184042763	2153.7838645538	4071.3055188218
81	81	1	20	1	F	20	499	im	norm	1961.5786271866	11.8321595662	1757.949412862	977.0421114307	556.3096620532	779.8693249435	1578.28350233	773.245157476	506.9894429643	3494.8550352171
82	82	2	9	20	F	31	913	im	syn	2155.5872414943	11.8321595662	1756.0821850061	547.7262192876	178.437270228	357.5627063911	1516.00061802	753.170428761	1805.0197078485	3119.5811089572
83	83	1	6	22	M	37	973	jo	syn	2142.7142346813	11.8321595662	1766.142434006	1103.0898379337	536.3877127593	820.2896063803	1831.17490377	884.634262326	645.1554519108	5496.4364117737
84	84	2	18	4	M	30	992	im	norm	2155.7990607172	11.8321595662	1988.5546486579	971.3640735316	208.1901936846	716.4587383456	1522.82419253	837.273136154	1961.6447818554	2751.1743529096
85	85	3	10	23	F	24	438	jo	syn	1817.2319963918	11.8321595662	1512.2641926331	1289.3855202765	434.6452695345	686.1711896497	1176.31706991	-151.13448809	21814.8768195565	2021.1991411776
86	86	4	8	30	F	20	262	vo	syn	2455.7105350709	11.8321595662	2100.8094591975	627.0246829769	205.9651786735	385.5447061089	1680.0908408	828.782154159	4405.1103496802	5172.7090659483
87	87	3	8	22	F	20	262	jo	syn	2497.9132323603	11.8321595662	1812.0515151232	631.7873159867	253.4774435909	452.2170662788	1773.0958582	814.938933302	2665.2926163114	2904.544376857
88	88	4	9	4	F	31	913	im	norm	2186.645161432	11.8321595662	1674.73009757	829.134837019	361.1177684705	491.9048783946	1501.76263751	687.047116185	3375.4139969925	3455.9423796723
89	89	2	8	12	F	20	262	sc	norm	2250.9258477882	11.8321595662	1739.377189946	720.3053310728	367.8372756633	541.1992669497	1791.85290539	788.170384722	2907.725506823	3900.1252541573
90	90	1	20	20	F	20	499	im	syn	1810.8532700459	11.8321595662	1717.2101496901	953.3930069129	603.2643135338	826.3873916034	1425.49371914	746.75991294	441.0708524247	2747.9587855697
91	91	1	18	15	M	30	992	vo	norm	2342.060299367	11.8321595662	1925.8143778279	1199.0503602789	143.3285481743	888.5375084026	1821.3516564	809.509880752	1965.4656855846	4284.2045847561
92	92	1	6	15	M	37	973	vo	norm	2355.9978715834	11.8321595662	1985.1151724495	1300.5351773933	520.0995194741	1003.2136197502	2122.13835279	852.025380687	536.7066025418	3981.1442486924
93	93	2	20	14	F	20	499	vo	norm	1970.0383726592	11.8321595662	1894.3787631655	642.9921654111	154.4578091709	329.6529243827	1415.01281324	966.955353967	1442.9145376924	1916.6359215878
94	94	4	9	18	F	31	913	im	syn	2093.7504521668	11.8321595662	1961.2592213008	390.649173918	164.6767761241	265.8664407019	1446.35949683	922.551336248	3964.394203286	4574.6380112821
95	95	2	1	12	M	23	465	sc	norm	2093.4447228815	11.8321595662	1992.6529121	576.7244252962	128.8817706465	216.1030534204	1296.00813982	912.842958237	1569.6620908149	1924.6406795158
96	96	6	1	26	M	23	465	sc	syn	2114.1814716972	11.8321595662	1844.7994798621	463.5062374715	125.9542413498	259.6438732654	1368.01197354	846.780497105	2006.8873498524	2184.9942249425
97	97	2	20	3	F	20	499	im	norm	1867.6649968118	11.8321595662	1765.1770805789	606.7958229693	215.4320463413	351.3253528185	1326.33338764	935.570268245	1231.8910203768	1135.2664376841
98	98	3	2	11	F	53	989	sc	norm	3019.112358429	11.8321595662	2631.0018867673	758.9273496715	284.4951926977	394.3635761032	2110.26015331	1031.61914624	2952.3500148938	3165.6919328901
99	99	6	9	31	F	31	913	vo	syn	2306.6601486841	11.8321595662	2072.8265778723	470.1920938614	104.255802459	281.8599291089	1617.24388919	735.687201999	4101.2267928595	4823.4197366902
100	100	6	28	7	F	41	662	jo	norm	2102.1358294806	11.8321595662	1576.112282155	839.5101503496	653.4448994657	722.3317381317	1550.8409951	749.519362156	3057.8631777985	2148.6962538434
101	101	3	3	7	F	29	972	jo	norm	1814.9120272094	11.8321595662	1645.7992858464	315.8366771428	124.5002468929	183.9723132666	1275.90009589	1055.75833479	847.627897155	918.7251788246
102	102	2	18	8	M	30	992	jo	norm	2250.524301529	11.8321595662	1921.2510042678	1079.3714377385	266.4898367749	718.7877182542	1623.415	810.159618294	2457.5533421776	3628.8170721347
103	103	3	2	8	F	53	989	jo	norm	2133.8550398605	11.8321595662	1763.6416623426	1125.2161566246	615.4625726941	995.0372857385	1374.03748911	836.659368782	2436.3767927815	2591.4941128726
104	104	6	10	21	F	24	438	jo	syn	1734.4540879423	11.8321595662	1595.4317394415	586.5428297904	339.2604306158	441.2183082755	1130.64588057	775.487936589	1224.3238869564	1181.6029770316
105	105	4	3	15	F	29	972	vo	norm	2237.9576401507	11.8321595662	1885.5908993467	556.84943855	129.297472139	220.5989952214	1501.7326857	986.524932311	2070.3215785045	2221.4329217856
106	106	4	3	32	F	29	972	vo	syn	2317.6704537615	11.8321595662	2078.4505402757	647.2530037774	111.0345427125	248.9152987244	1600.54240913	724.704560703	3774.6357589952	2267.3251807252
107	107	3	2	26	F	53	989	sc	syn	2848.2922128635	11.8321595662	2519.412030611	1311.8445980771	466.9603994139	874.7244337613	1990.59394831	811.971536111	3388.3568490946	4082.342708075
108	108	1	2	6	F	53	989	jo	norm	2137.8076025182	11.8321595662	1983.3062980564	637.7775051098	233.6459872252	512.21952961	1555.88150731	833.952942234	1975.5595248668	2554.0651619
109	109	2	28	18	F	41	662	im	syn	2177.6062662084	11.8321595662	1760.9402921694	1685.8574297746	139.4554744924	721.33661061	1632.64445239	-151.294950851	9130.1883300924	3758.0570150612
110	110	6	9	24	F	31	913	jo	syn	2373.6414307776	11.8321595662	1741.0943721367	628.9290916696	220.7277487955	328.3580848698	1702.92407052	682.403631178	4061.553339005	5279.3137545403
111	111	6	28	8	F	41	662	jo	norm	2046.1610178989	11.8321595662	1744.7639916896	972.3480485299	418.5869362029	738.7380654152	1607.8864232	769.405448161	3604.7625426361	5046.6416754643
112	112	6	1	6	M	23	465	jo	norm	2145.0620054008	11.8321595662	2012.9576468927	573.7707960512	119.5102842644	210.3438495027	1436.93359867	925.475741205	1989.8010104562	2232.7443000466
113	113	4	9	16	F	31	913	vo	norm	3012.5530204914	11.8321595662	2182.0598041448	2273.9894504481	222.2072378403	562.3438567772	2202.19303083	-240.715245613	16821.8476494652	4360.6638216501
114	114	4	1	22	M	23	465	jo	syn	2155.3173087713	11.8321595662	1937.4483205522	604.5386731578	140.9399394456	255.435906589	1435.44774497	796.181552258	2843.4223328595	3426.8598798073
115	115	3	8	15	F	20	262	vo	norm	2323.3816502526	11.8321595662	1950.3362260326	731.9172111812	259.170549813	441.2441085668	1631.43343675	773.4301085	3668.2134990799	4239.4504084112
116	116	4	9	32	F	31	913	vo	syn	2934.7074195805	11.8321595662	2367.5222649643	899.2352725386	172.3135406494	300.2745910906	2031.04872784	765.553828356	4997.4649799796	5470.239799946
117	117	3	1	19	M	23	465	im	syn	2841.8872123107	11.8321595662	2325.5663633607	1009.6341267674	136.11162726	583.6877402795	1956.95934992	781.043847961	5011.8217041552	4912.0151153286
118	118	1	6	21	M	37	973	jo	syn	2260.441037611	11.8321595662	1988.639241511	1157.8225333664	535.0079790868	983.325608082	1918.85926272	856.769849572	310.5625296354	3555.2943847115
119	119	3	28	16	F	41	662	vo	norm	2599.3925554973	11.8321595662	1600.3029227437	850.1530179703	461.395434562	553.1368229601	1804.42954218	8.3337145328	3066.8018558873	7165.0560134468
120	120	6	10	26	F	24	438	sc	syn	2064.0274736125	11.8321595662	1773.3767187534	642.2733740505	187.0466026816	358.6685727742	1320.97035075	672.606039201	3560.6973688304	4839.4838995015
121	121	3	10	17	F	24	438	im	syn	2575.7415300382	11.8321595662	1980.0152984539	658.8737700037	402.1224135144	538.4749657566	1820.41848641	776.697103755	2742.6856428936	2904.0161511714
122	122	1	6	13	M	37	973	vo	norm	2089.6652931652	11.8321595662	1713.1619023804	1059.9290980595	412.4494521402	748.4762930245	1759.30322153	839.251269141	671.9261014264	3486.8900600147
123	123	3	10	2	F	24	438	im	norm	2310.8652121436	11.8321595662	1731.1569107173	1067.7933687789	358.2028811279	647.9182222798	1538.66101459	768.631235128	3303.0465639748	3388.0002183237
124	124	3	10	16	F	24	438	vo	norm	2424.7550702462	11.8321595662	2024.3368141285	1043.3847725824	593.774104223	940.5465385122	1641.58036863	783.802969795	2521.3766514574	2806.1138554316
125	125	1	6	27	M	37	973	sc	syn	2085.0866040796	11.8321595662	1791.283550861	1144.2251492728	487.990740749	893.2626138116	1735.80335532	850.53542122	198.3331957992	2578.1054306263
126	126	2	18	5	M	30	992	jo	norm	2057.64968092	11.8321595662	1785.6810004634	944.5325844961	324.9085537914	702.5776946105	1448.16788544	838.272193285	1452.8198235729	2910.2718810248
127	127	1	3	18	F	29	972	im	syn	2241.970025668	11.8321595662	2116.1251475427	577.6171064837	227.3182840977	343.3108156918	1616.67549022	1072.05215304	1356.0514146975	2262.7272862925
128	128	3	2	10	F	53	989	sc	norm	2302.9245606049	11.8321595662	2013.4584550077	588.937816555	393.6518735998	492.6194118824	1509.19663245	835.252657383	2523.4541723451	2654.3603853394
129	129	1	3	16	F	29	972	vo	norm	2014.2804505006	11.8321595662	1700.894014365	999.5917668715	542.427575413	739.140060449	1740.62807197	788.41606875	584.212802323	2394.0868556022
130	130	3	8	5	F	20	262	jo	norm	2374.3696311563	11.8321595662	1852.1050504313	656.2657178206	174.7940764966	374.5778462503	1675.89099184	803.686188934	3992.5389286307	4542.9158670484
131	131	3	3	20	F	29	972	im	syn	2509.6791271603	11.8321595662	1570.9784544719	780.8089377758	482.98411955	584.9404524868	1799.54537054	784.909978722	2601.3487650384	2965.1566277838
132	132	3	8	24	F	20	262	jo	syn	2308.9527932839	11.8321595662	1849.6062276064	638.3602150859	281.0174156803	422.6863586418	1612.86237668	762.216761587	3250.0969965408	3569.3476164777
133	133	3	10	22	F	24	438	jo	syn	1859.7994659074	11.8321595662	1693.708554261	607.1179000701	124.7742274982	452.8229313362	1223.76627272	762.778714165	2104.945997392	2194.0691088648
134	134	5	8	13	F	20	262	vo	norm	2553.6552276638	11.8321595662	1840.8621537547	865.2058576657	350.654367924	609.9390463268	1749.83913425	812.761209883	2913.6791112909	3157.0207894076
135	135	1	6	7	M	37	973	jo	norm	1964.1120576407	11.8321595662	1669.4496882263	949.9481108319	486.3275719603	748.7579358366	1575.12092874	833.789758607	563.1554374375	3480.4620437966
136	136	3	10	19	F	24	438	im	syn	1812.5095256676	11.8321595662	1654.3602747503	574.7349801948	302.4694374029	396.7747374969	1241.93652315	794.514565866	2075.8743014232	2248.7453718779
137	137	1	20	26	F	20	499	sc	syn	1963.415408696	11.8321595662	1737.585311913	845.9991678524	398.9011361394	663.4052972806	1428.28284513	777.877323759	2095.1856390231	3312.207590367
138	138	3	2	13	F	53	989	vo	norm	2520.2860883684	11.8321595662	2195.4187647548	756.5291339654	568.935798708	707.3567795599	1708.93351291	720.934241645	3428.7509950953	3752.3084685457
139	139	3	2	28	F	53	989	sc	syn	2913.290603849	11.8321595662	2409.9435533206	1058.2208296304	559.738293394	906.6472138479	2052.85108766	823.184352559	3207.9850058945	3523.9976872879
140	140	3	10	5	F	24	438	jo	norm	2491.0904065381	11.8321595662	1941.4513510942	715.2994781394	484.0100810801	578.2430306692	1658.44327426	705.212784883	3436.4387556623	3537.4254852686
141	141	3	9	3	F	31	913	im	norm	1958.7589085103	11.8321595662	1692.1074345089	973.6086326692	300.1535867306	754.9462443449	1321.39317669	755.868984594	2734.2479092484	3338.5708295103
142	142	3	10	14	F	24	438	vo	norm	2486.4413058979	11.8321595662	1921.0027404542	991.347381388	427.2639893897	745.9143135329	1668.30760766	772.040145176	3735.5635825374	4319.8078863163
143	143	4	2	32	F	53	989	vo	syn	2976.9081177186	11.8321595662	2844.5914250635	402.8925425284	114.7238883773	228.1792725801	2123.6250981	1776.111	1612.4103176372	2084.4064126804
144	144	2	18	28	M	30	992	sc	syn	2401.9811069744	11.8321595662	1904.3152485916	1080.6318029564	162.0733726059	756.3239779612	1820.53043086	788.110096231	2698.7093647092	4119.1063735811
145	145	2	18	17	M	30	992	im	syn	2185.2172403336	11.8321595662	1931.4359277672	973.34531962	194.4477907769	651.5897976016	1520.79163266	849.090215425	1907.4124318043	3586.4609929613
146	146	2	18	1	M	30	992	im	norm	2079.4591241301	11.8321595662	1702.5059569761	944.1833456057	165.415285857	680.7313249799	1608.059	799.232484743	1393.2987969267	5032.8208963547
147	147	3	1	15	M	23	465	vo	norm	2451.0593704668	11.8321595662	2261.9171501196	1128.6510658038	270.1210211056	692.84391087	1560.09176318	1067.3812861	3174.484098325	3025.2700329234
148	148	1	6	31	M	37	973	vo	syn	2052.2363712944	11.8321595662	1700.7227545483	990.3710087784	475.8753865913	706.7843158513	1642.42237487	866.268024342	263.1036236985	2857.6779457759
149	149	6	28	24	F	41	662	jo	syn	1980.1816730116	11.8321595662	1628.2719246486	567.4985658026	361.4322315319	431.7977479629	1379.24255216	762.887078343	2476.212858641	2524.1303182824
150	150	1	20	17	F	20	499	im	syn	1812.4584503537	11.8321595662	1689.2756653105	918.9231150498	591.0493528877	807.8874812264	1492.62583994	756.443594216	230.4581066231	3192.4550537541
151	151	1	3	26	F	29	972	sc	syn	2172.4052757221	11.8321595662	1855.7350009322	642.0613536889	137.0059499886	199.6381449023	1584.57549991	669.5413746	3216.0949825149	3806.0485379218
152	152	3	2	15	F	53	989	vo	norm	1948.4492582674	11.8321595662	1664.0014011428	889.9514486569	447.5764227282	733.4967888495	1251.83633298	807.508650032	1678.4192561538	1487.2105529292
153	153	1	6	4	M	37	973	im	norm	2135.3098427891	11.8321595662	1687.5606539551	1124.3615531655	508.9544310758	791.102887029	1764.82347062	688.672923272	589.4880488393	3954.732910026
154	154	3	8	7	F	20	262	jo	norm	2474.4210367688	11.8321595662	1987.4513346115	821.5989047461	245.6466221035	457.1395300994	1763.03859732	799.808498605	3537.0296217458	4128.0236656957
155	155	1	28	12	F	41	662	sc	norm	2037.5459811018	11.8321595662	1487.2527972125	1087.8357947705	391.6864175118	686.3339057658	1789.71219965	-199.48884809	12303.4733924918	274.5419750432
156	156	3	10	20	F	24	438	im	syn	1881.6215705744	11.8321595662	1355.656822058	1393.7537670098	287.4933224366	755.7251227175	1312.06652033	-147.837924608	9331.6710987712	1507.2248461782
157	157	3	10	4	F	24	438	im	norm	2019.784623674	11.8321595662	1788.5897571925	576.4639563685	174.2252293636	310.90772312	1377.79242049	787.589656721	1922.4705473728	3694.317170743
158	158	1	6	14	M	37	973	vo	norm	2199.4458160704	11.8321595662	1951.511123416	1141.0446405455	517.2613737186	957.4694405972	1894.09129956	873.212878238	574.2583121942	4669.9110145501
159	159	3	8	8	F	20	262	jo	norm	2361.9139866758	11.8321595662	2051.9509630074	700.045235754	232.8324065049	450.2041780975	1823.11068191	814.185240386	2069.8433634176	3978.8978272143
160	160	1	20	4	F	20	499	im	norm	1881.4384386002	11.8321595662	1693.6627737528	949.3213794206	589.4816841364	795.4869879351	1564.89731116	732.370575794	973.5552895616	5707.9481992976
161	161	3	3	5	F	29	972	jo	norm	2103.8822478501	11.8321595662	1928.8616908901	553.4046251047	236.9664553952	410.4089613086	1475.69332771	877.275220512	1835.5312707076	2262.3965039416
162	162	3	8	26	F	20	262	sc	syn	2510.6209523917	11.8321595662	1964.1332157913	778.9122328917	255.997961503	426.9392284751	1727.8920857	811.057959045	4066.5769554474	4611.6617251295
163	163	1	3	29	F	29	972	vo	syn	1960.3641280902	11.8321595662	1779.9385081167	993.9007487739	643.0590874944	849.4352390467	1691.01079404	785.950895382	444.4147933979	2284.9185075224
164	164	1	2	22	F	53	989	jo	syn	2110.0533476784	11.8321595662	1905.3674983328	1169.0007861439	755.4956622017	928.7488042563	1827.13432775	824.294994088	391.0118272732	2826.2519027582
165	165	3	3	30	F	29	972	vo	syn	2611.510915367	11.8321595662	2302.8375485444	698.003283706	478.8960258749	599.3022759425	1796.56593787	1146.63617513	2554.8092488427	2860.4962274691
166	166	3	10	10	F	24	438	sc	norm	1829.4819956011	11.8321595662	1650.7244807767	601.2398406593	193.5192989233	380.7524793551	1251.53386023	762.969100779	3930.4414420402	3766.2909592778
167	167	2	1	29	M	23	465	vo	syn	2244.6666763177	11.8321595662	2129.8780357354	501.6506883452	154.1671702945	260.5224045195	1446.20428997	1000.81481426	2774.4795421473	3039.708460901
168	168	2	1	11	M	23	465	sc	norm	2171.408241813	11.8321595662	2043.0770268313	436.8085751821	119.666942082	163.9922074793	1374.04091768	898.052367972	1973.7030126178	2019.9456009938
169	169	2	18	3	M	30	992	im	norm	2028.2962129308	11.8321595662	1781.3631465967	1100.9794433035	208.7127541043	743.0190346853	1683.74541628	794.19456182	1812.1381544728	3981.4304350336
170	170	1	18	9	M	30	992	sc	norm	2080.9910772934	11.8321595662	1943.5618635444	1271.3260657714	526.0424888219	951.3087148232	1787.4694183	801.776521952	1137.992965238	3216.0269156258
171	171	1	6	5	M	37	973	jo	norm	2014.876100347	11.8321595662	1676.7809694826	1065.9194415598	513.5147540937	789.8983906633	1680.19412317	830.686499031	620.6996129444	3021.6941433407
172	172	1	2	21	F	53	989	jo	syn	2910.6528167116	11.8321595662	2537.5060488447	369.6519742317	226.1755335443	285.2202469578	2019.76351128	1297.90605563	3270.6511259381	3193.7149319055
173	173	2	20	15	F	20	499	vo	norm	1817.5174477342	11.8321595662	1718.4902950865	746.7326418754	161.1966401176	331.1013564511	1267.9212476	733.578559448	2755.6342578263	2819.0489356456
174	174	3	9	21	F	31	913	jo	syn	1630.4166500201	11.8321595662	1438.5460655538	360.8238658292	129.0710996781	201.3968520175	1154.27716239	774.667054195	1357.5318765647	1347.9956563122
175	175	1	6	1	M	37	973	im	norm	2424.5622356686	11.8321595662	2013.8509128053	1340.1382658101	594.9743911367	968.0518966213	2114.68156812	888.412746527	484.8707428487	5127.0646132129
176	176	1	6	29	M	37	973	vo	syn	2018.8649652094	11.8321595662	1854.9211719327	1040.7689556563	486.1259107786	877.474833422	1622.15233707	880.230431704	208.5664773819	2808.1524106181
177	177	1	18	14	M	30	992	vo	norm	2155.0400832121	11.8321595662	1850.3896864257	1275.4585326793	287.0684486304	903.4042410122	1847.25870328	780.476383975	1810.2275640137	5036.9400335165
178	178	2	2	23	F	53	989	jo	syn	2373.3466604654	11.8321595662	2052.7275309008	664.7670825074	221.8122425364	368.3024830549	1705.12347291	1019.61901081	2365.6115515376	2392.1003548641
179	179	1	6	28	M	37	973	sc	syn	1996.853513253	11.8321595662	1811.3525202548	1097.1356690279	489.8853668678	874.1341060669	1625.77919801	818.657086287	304.8431669098	3743.8368200607
180	180	2	28	2	F	41	662	im	norm	1955.4187143621	11.8321595662	1667.110376373	945.9578401293	406.8739765658	654.6474546073	1540.56636336	789.087760371	3666.227179786	4805.3923765634
181	181	4	10	3	F	24	438	im	norm	1994.8982961703	11.8321595662	1742.7922048296	1030.4040298013	478.6422486058	709.0699777514	1321.57574176	846.348	3485.8072836642	3776.0812266899
182	182	4	1	28	M	23	465	sc	syn	2472.5493369688	11.8321595662	2100.9303323645	423.0968023999	129.5694296741	203.9321963947	1626.40216878	826.559993638	4746.6726704769	4806.7127852098
183	183	4	3	6	F	29	972	jo	norm	2129.9439228769	11.8321595662	1938.7720054581	212.7405396974	90.8219836994	104.7597996218	1499.61229276	998.907691209	2180.3919101763	2367.7732577138
184	184	1	6	12	M	37	973	sc	norm	2308.0638779084	11.8321595662	1797.0887113499	1241.5686784737	483.5068308699	807.7338035082	2035.67267676	855.365514536	219.9675337004	2965.8673203699
185	185	1	20	2	F	20	499	im	norm	2029.4274307564	11.8321595662	1700.4150475928	1063.6555582983	516.7268910434	752.324066634	1633.87683785	793.853869904	243.5470559453	2100.076252018
186	186	6	1	18	M	23	465	im	syn	2168.9736418294	11.8321595662	1969.4027669127	323.3931285221	119.2660789174	154.9320645399	1375.81300678	1078.96946698	5483.0643005427	5901.5126084638
187	187	4	1	24	M	23	465	jo	syn	2697.8573229746	11.8321595662	1884.5640084686	450.2513239576	114.7684142269	327.1370455936	1871.65206503	824.782133609	2692.8907215758	3042.5764347082
188	188	2	1	4	M	23	465	im	norm	2586.2176446962	11.8321595662	2312.7149278416	783.6552587311	100.443086555	285.0674350862	1688.61874849	822.372674174	5744.6685073483	5673.2692916965
189	189	4	8	6	F	20	262	jo	norm	2282.1764061089	11.8321595662	1771.8508321031	605.5291450497	355.8645410188	441.5411571098	1599.45144922	797.369598975	2358.5421003851	3092.3080185495
190	190	4	9	13	F	31	913	vo	norm	2932.4032287846	11.8321595662	1911.8583549145	773.9599545742	25.9693779437	406.1767443506	2040.29041118	751.015283588	4745.4163727343	4078.6676127349
191	191	3	10	18	F	24	438	im	syn	2372.2681991446	11.8321595662	1606.3752460091	628.9282869651	259.5388782024	413.4626246744	1565.4522602	666.95192511	3255.0609563835	3047.3584511478
192	192	4	9	27	F	31	913	sc	syn	2664.2123889861	11.8321595662	1912.6342378014	540.9137919139	143.9398480165	278.7686263654	1884.58622776	704.91457474	3751.4020024615	4478.6704927611
193	193	6	9	23	F	31	913	jo	syn	2407.5739394389	11.8321595662	1956.4423986276	510.1043154508	126.2042640332	218.299980448	1704.41420659	882.565857026	3235.8301451205	2754.9283110357
194	194	2	18	11	M	30	992	sc	norm	1947.8325277457	11.8321595662	1765.745347551	886.8606839287	157.9475468196	575.4838934889	1551.47732556	991.681	1344.8914029464	2730.6499209461
195	195	3	3	13	F	29	972	vo	norm	2689.6251842256	11.8321595662	1851.6902381638	778.8200946543	351.6378249422	557.7132503206	1861.44380982	785.350596511	2650.4149784594	2728.4923660296
196	196	1	6	26	M	37	973	sc	syn	2126.5288684247	11.8321595662	1770.2677439713	1055.272553388	494.3600546675	785.4046944635	1837.4310885	870.490559385	223.3698321216	3135.1025897424
197	197	4	10	15	F	24	438	vo	norm	2271.800323325	11.8321595662	1881.0423644641	1516.6196026836	395.0338661469	743.5411585957	1540.33813718	-148.814861831	10817.5710425466	5630.3400987745
198	198	3	9	14	F	31	913	vo	norm	2518.5710168273	11.8321595662	2233.8458482939	378.016128397	163.8754293391	224.337349118	1734.8046709	870.355653006	5283.1683012906	5861.9565039747
199	199	3	10	11	F	24	438	sc	norm	1890.1901228188	11.8321595662	1516.9449805004	1399.3216343746	234.8073877519	536.6414942166	1272.03375618	-156.822968663	9171.5225692169	3038.7716416464
200	200	1	6	3	M	37	973	im	norm	2160.8753497358	11.8321595662	1923.3167936006	1062.9953109932	543.7372390434	881.7207370136	1777.83963577	892.526732121	308.5535590768	3307.5200260942
201	201	3	3	17	F	29	972	im	syn	2246.2539228498	11.8321595662	2075.4605021126	259.67788446	111.0472472364	142.4489814918	1570.4130175	1042.28322242	1845.9109699978	1983.3352233765
202	202	2	18	2	M	30	992	im	norm	2292.7432342736	11.8321595662	2004.3898784944	1096.7727050184	186.1545421848	609.9283375592	1601.316	877.560596969	1921.2202338201	3329.9330664515
203	203	4	9	2	F	31	913	im	norm	1812.831318206	11.8321595662	1471.5549980762	810.8181002565	460.4938358792	618.8660308432	1214.85967924	691.186926324	3063.8174542224	2421.8901110134
204	204	3	9	28	F	31	913	sc	syn	2439.6159736883	11.8321595662	1848.8917627955	387.545960137	150.1359307168	217.4772713176	1675.86595202	203.984435896	4905.6005873	5209.1095299988
205	205	1	28	20	F	41	662	im	syn	1351.934381455	11.8321595662	1296.9945969303	557.26882204	452.0221561389	467.2224150134	1046.95986231	752.878484529	1369.5018326302	121.6240715906
206	206	3	8	1	F	20	262	im	norm	2308.7620502531	11.8321595662	2029.8884519608	792.0033535263	221.1113927675	479.3992399297	1617.59805073	798.718868032	2778.3797664467	3611.5431091726
207	207	1	6	20	M	37	973	im	syn	2151.3701674341	11.8321595662	1822.9062431853	1191.9429727351	510.9653314999	932.1671676764	1812.24318691	775.619814993	655.4614333847	4793.4287151846
208	208	4	9	11	F	31	913	sc	norm	2409.6443352973	11.8321595662	1721.5591132253	753.8051393139	321.2596897186	497.4003563445	1640.84306246	717.961969188	4140.0903808333	4469.4512618084
209	209	2	8	10	F	20	262	sc	norm	2375.4612953782	11.8321595662	1985.1061462582	818.7662224472	325.6226521853	507.3996701542	1766.15162655	767.263467134	1774.899070456	5460.7515490525
210	210	1	6	25	M	37	973	sc	syn	2106.5009069862	11.8321595662	1719.4765393505	1074.2541695344	483.0323191023	759.9838586398	1781.58679286	843.526919243	411.4684755802	3859.0340974885
211	211	6	28	9	F	41	662	sc	norm	2107.4282240383	11.8321595662	1722.5433592417	1866.8141932077	334.2042841792	659.2891575391	1695.50831627	-267.59304654	7815.4680367719	11939.6281430938
212	212	4	1	30	M	23	465	vo	syn	2294.4534764684	11.8321595662	2145.4472713893	284.1238688256	187.9995465159	235.1509045687	1494.24495712	1146.28435249	2740.0020590957	3161.0819250644
213	213	3	10	9	F	24	438	sc	norm	1944.8598911972	11.8321595662	1541.8618935417	1201.9838079175	513.1899858814	879.4883077936	1234.04584458	759.555724809	2483.5445239122	2396.4313055396
214	214	3	8	9	F	20	262	sc	norm	2485.5011590621	11.8321595662	2036.2932556226	670.8320562079	276.210400655	459.7314556364	1714.04714085	826.966875722	3777.3160471249	4104.2431393164
215	215	1	2	3	F	53	989	im	norm	2671.8232053637	11.8321595662	2008.8733437236	1186.8798868458	384.6844547865	713.5236367079	2150.6778211	795.067986677	1754.2053797461	3591.9188239179
216	216	3	10	12	F	24	438	sc	norm	2315.512001388	11.8321595662	1599.5312764107	1163.5269986958	416.2097300738	622.6186283015	1687.61348437	779.314964812	4518.0902301801	5481.4449345595
217	217	6	28	28	F	41	662	sc	syn	2225.483561903	11.8321595662	1883.0717552585	1064.407079153	421.4007952862	862.5611140105	1645.70224662	772.224410341	4063.2417095303	4876.1500521616
218	218	2	28	4	F	41	662	im	norm	2275.7332521068	11.8321595662	1857.0590504051	937.5399400016	340.4138067788	644.6102864525	1575.71489778	729.070107639	2836.6425794566	3789.9773063573
219	219	4	1	14	M	23	465	vo	norm	2455.1793247448	11.8321595662	2151.5343758873	493.3844207762	117.290598889	168.8530272838	1608.22265108	961.237319204	6093.1871299098	5834.8832796385
220	220	2	18	10	M	30	992	sc	norm	2163.7663592561	11.8321595662	1856.7204106606	961.9922924158	179.6971274675	531.4693694683	1536.48878912	821.307	2879.1491690291	3398.0021368285
221	221	2	18	21	M	30	992	jo	syn	2242.5127245332	11.8321595662	1938.9106114054	918.7037081148	233.2220269728	659.8800958654	1586.03467923	906.947535001	1334.826008365	2691.0502288623
222	222	2	28	17	F	41	662	im	syn	2122.4753799069	11.8321595662	1795.749717713	923.8859648741	481.3266890446	653.9462334985	1590.25962453	754.258760303	2809.4019453284	3855.8589083437
223	223	6	28	26	F	41	662	sc	syn	2217.3280167199	11.8321595662	1500.628502417	823.3325885186	349.434125969	588.7567761044	1535.14404805	755.846525294	2886.5541880817	3086.7143693772
224	224	1	20	23	F	20	499	jo	syn	2206.2981611216	11.8321595662	1990.0799525463	827.5625147896	237.2981408699	563.9246189541	1507.62207295	763.530369698	2834.2996858132	2598.6665210453
225	225	3	8	23	F	20	262	jo	syn	2357.1116904417	11.8321595662	1823.3668765056	635.4650558574	186.9488637678	375.9277496051	1668.24049959	823.143675152	3038.1401007541	3336.442444759
226	226	3	2	14	F	53	989	vo	norm	2744.8900003486	11.8321595662	2357.3838702242	1183.1797961814	517.9083308285	966.585580891	1913.988	814.103209784	3950.4890888972	3827.4546691694
227	227	2	18	20	M	30	992	im	syn	2001.8870085546	11.8321595662	1802.1352558366	988.5067936419	195.1972750473	662.9991610747	1350.31085086	812.846075659	2171.5524138879	3141.9021587337
228	228	6	1	2	M	23	465	im	norm	2995.2342882959	11.8321595662	2342.1577410177	2208.3195604271	208.9223496778	693.4497454369	2124.77420517	-251.643925102	5491.1764641768	15861.6274274959
229	229	3	3	19	F	29	972	im	syn	2275.0079739239	11.8321595662	1920.2905868413	418.9668101327	115.257434509	211.8609840199	1679.22624784	805.842481021	2800.9013981494	3026.1203605749
230	230	1	2	9	F	53	989	sc	norm	2310.6131431171	11.8321595662	2095.2762879076	863.4384814119	549.4707448468	740.0511095672	1799.43892644	877.463871811	1230.9784412383	2662.7268834664
231	231	6	20	8	F	20	499	jo	norm	1913.174968092	11.8321595662	1833.8927467321	591.2915276001	326.2909414592	376.8996789972	1362.82283654	903.08174205	2098.9801865233	2176.4348074899
232	232	2	18	29	M	30	992	vo	syn	2188.5519713396	11.8321595662	1975.2490666248	1191.7399925544	340.2162153541	876.0077964037	1585.70669298	902.9472579	1245.2127338195	3154.9745201959
233	233	3	1	32	M	23	465	vo	syn	2710.2331278349	11.8321595662	2281.7215959794	1395.8862919988	116.7131160282	568.2961324039	1806.22962253	1033.42483956	3537.1056725986	3766.7745556646
234	234	4	3	9	F	29	972	sc	norm	1805.311453808	11.8321595662	1600.2729597873	337.0681389863	283.982431708	301.4062585776	1256.16602912	907.152174129	748.4110460821	1195.3398841033
235	235	1	18	16	M	30	992	vo	norm	2382.0125961364	11.8321595662	2097.6349919695	1335.2603057377	232.6609041246	979.0443706652	1855.35771728	780.444605087	2310.6963442296	4883.7545413147
236	236	3	10	29	F	24	438	vo	syn	2824.9178424575	11.8321595662	2459.0413805822	1018.2649680303	411.0399837319	585.6556034326	1986.63068597	805.22904691	5565.188103589	5809.8619099062
237	237	1	6	17	M	37	973	im	syn	2168.0718618171	11.8321595662	1873.774518843	1118.7244024897	477.7687410001	894.6360140013	1842.05026212	843.522978989	345.5582367406	4651.4467442631
238	238	2	20	21	F	20	499	jo	syn	2229.4001312482	11.8321595662	1973.6895091344	846.1290740389	262.712652056	593.7873733055	1596.58770101	796.256738261	1902.636858398	3221.5336866854
239	239	3	10	6	F	24	438	jo	norm	1718.6565861412	11.8321595662	1532.8857203797	768.6168123294	475.6283861155	612.4636332134	1122.71693305	778.852670299	1212.0424961272	1125.9658456914
240	240	1	6	18	M	37	973	im	syn	2140.0285107119	11.8321595662	1873.5401956386	1081.6297356231	515.6907830968	866.7796445355	1846.50497125	838.135552138	341.4279737025	4306.0337253333
241	241	4	9	17	F	31	913	im	syn	1949.9688255043	11.8321595662	1620.7222050816	649.5430159034	192.5602725204	329.4726415145	1263.39491411	729.662955227	3218.9764913671	3738.8044230525
242	242	2	18	24	M	30	992	jo	syn	2032.4400227024	11.8321595662	1737.4692921499	948.5581217383	170.0871070841	653.0356780326	1510.43072236	886.582907088	1784.9262907699	4231.4054112135
243	243	3	1	17	M	23	465	im	syn	2885.8161763898	11.8321595662	2271.3752945325	1407.3571016769	142.0878143849	859.041251225	2004.90269712	861.820216943	7160.8559162873	6474.1473594831
244	244	3	2	29	F	53	989	vo	syn	2800.8957979638	11.8321595662	2389.746308688	1295.9297542799	391.2331768035	867.7181378211	1860.39181629	745.807739724	3877.4886211343	3958.6857303657
245	245	2	28	10	F	41	662	sc	norm	2177.7170770164	11.8321595662	1796.7955916172	1218.0710712827	254.0979013992	730.5752532408	1729.4230813	-125.647893773	1970.0998008304	9707.357565252
246	246	2	20	9	F	20	499	sc	norm	2213.155640903	11.8321595662	1963.2126248778	617.0067856409	225.7434170983	348.4192760399	1542.39843067	761.960953756	2712.6294130459	2428.6082637859
247	247	3	9	29	F	31	913	vo	syn	2735.6268561573	11.8321595662	2223.0174014667	347.4564770684	193.020292939	251.7543639672	1951.276044	933.00685104	2592.0333645803	2795.6995786215
248	248	3	8	4	F	20	262	im	norm	2345.5497189855	11.8321595662	2000.2888251416	850.4831716662	325.2958905974	556.3627538836	1690.10569998	796.053592324	2508.0830910677	3414.347166175
249	249	3	2	24	F	53	989	jo	syn	2133.314920628	11.8321595662	1919.8940350581	852.4809569704	332.4128422993	675.8645258081	1454.12960663	854.910306772	2321.1177020577	2200.9041582401
250	250	1	20	6	F	20	499	jo	norm	1871.1186644526	11.8321595662	1687.1978176388	947.7675540206	578.1940195655	758.6104506217	1438.11324529	786.139208346	647.256898283	4427.3161961619
251	251	2	20	5	F	20	499	jo	norm	2253.1518888224	11.8321595662	1777.4557039116	740.801904747	212.2117479318	556.292626792	1737.35879791	792.746397547	1348.1132690894	2472.0584765023
252	252	3	1	31	M	23	465	vo	syn	2351.020492514	11.8321595662	2112.9518426993	762.7533200789	193.5875756086	458.8994778877	1559.10111015	966.165914996	4650.6489280038	4767.4440436361
253	253	4	9	19	F	31	913	im	syn	2229.6530893838	11.8321595662	1879.5424956914	636.8394751618	208.7902982522	294.7303383428	1547.07057175	665.785083775	3553.1185863269	4004.8036131282
254	254	4	8	21	F	20	262	jo	syn	2124.1312428258	11.8321595662	1653.2540272639	652.0260504522	230.3788613923	369.1136256439	1458.77661695	805.22557764	2503.4344535229	2559.33493182
255	255	4	1	21	M	23	465	jo	syn	2209.8309255575	11.8321595662	2003.9147515163	477.137502368	139.5739093513	233.1684111416	1393.28618	998.037454208	5712.2483046063	5156.2020200849
256	256	2	18	22	M	30	992	jo	syn	1886.8869346188	11.8321595662	1561.6769655143	984.0827417261	164.6578953574	597.419944458	1312.04189026	861.278738577	1151.507993426	2342.1920368285
257	257	3	9	25	F	31	913	sc	syn	2602.0269792273	11.8321595662	2108.8500784658	806.0486349654	151.5811938769	265.5002526418	1787.21042714	790.250977122	4178.7472758008	4584.0987215622
258	258	3	20	25	F	20	499	sc	syn	2220.4127592336	11.8321595662	1921.4162504133	782.1666820245	133.7932308789	406.035130577	1592.46379124	791.250039298	1911.52496635	3135.2444024265
259	259	3	3	14	F	29	972	vo	norm	2048.9599620291	11.8321595662	1844.1212113565	421.5303404639	123.0653698999	166.8209830264	1455.23577674	915.431054566	1665.2932601825	2001.0789434978
260	260	4	3	21	F	29	972	jo	syn	2127.1297627872	11.8321595662	1842.2001282287	565.7962351263	159.6072823207	244.0804614087	1482.83514759	777.266614351	2138.7938638227	2613.4766080207
261	261	3	28	27	F	41	662	sc	syn	2314.4798902159	11.8321595662	1597.5508878779	939.1696504339	384.0772231623	722.180929806	1684.65599978	747.147751905	4320.5985911079	3691.3880381449
262	262	1	3	8	F	29	972	jo	norm	1963.4736760423	11.8321595662	1724.9804761693	1048.6080807711	189.7729877755	778.7978001236	1694.81970027	748.268863626	2488.863498367	4865.4838224135
263	263	3	8	32	F	20	262	vo	syn	2626.158004564	11.8321595662	2119.8164361029	823.3075646608	208.5653576252	452.7813033329	1796.89866171	811.456765179	4568.8083884436	4592.014921149
264	264	4	1	1	M	23	465	im	norm	2402.9073964058	11.8321595662	2100.7188194427	1122.1508380152	477.6136905123	799.1536740718	1563.16760671	841.814998435	2621.9996862372	2735.6888275862
265	265	6	9	6	F	31	913	jo	norm	2360.093522722	11.8321595662	2097.7304551849	617.6602239001	241.9643776988	344.3601731644	1732.34078436	1177.00649968	2597.7109939384	3221.9150036877
266	266	1	6	10	M	37	973	sc	norm	2270.71882201	11.8321595662	1955.2403789075	1201.2018893376	485.2256762945	927.3215340208	1962.93676027	884.568347664	267.1509200469	4583.3298036844
267	267	3	2	4	F	53	989	im	norm	2271.2728126087	11.8321595662	1786.7428903145	1085.3341113167	360.4063390428	870.2779819412	1523.71344806	783.83875353	2750.1107563669	2825.4514515781
268	268	2	18	18	M	30	992	im	syn	2126.4040762023	11.8321595662	1783.174761593	968.5921273372	197.0626007652	588.2344375891	1447.52050103	792.993252682	1366.708759914	2954.6357392307
269	269	3	3	28	F	29	972	sc	syn	2556.7408949679	11.8321595662	2081.1979645442	1412.0083411277	37.5533749983	443.7083661033	1784.04824128	-146.442254125	9406.090128777	3476.5355360913
270	270	1	2	20	F	53	989	im	syn	2116.6788806288	11.8321595662	1898.1258739777	1190.8724213241	505.5383619644	996.3940793442	1807.70035644	807.579388455	493.6149237711	3013.3323928015
271	271	6	10	32	F	24	438	vo	syn	2030.6375852432	11.8321595662	1636.6800971001	815.9536831116	410.6642910064	625.1488382357	1404.87313465	793.893678504	3126.0607005359	3485.3703326578
272	272	2	20	11	F	20	499	sc	norm	2287.3340195411	11.8321595662	2174.784231317	721.089897429	176.4740648092	321.5841696448	1602.98857898	1050.66770449	1960.0435053811	2940.5041814728
273	273	3	10	31	F	24	438	vo	syn	1990.9179576295	11.8321595662	1739.8400460779	614.2607231872	199.7603559385	345.9474396515	1400.35774449	789.271993304	1650.0630235284	1781.3152263011
274	274	6	1	16	M	23	465	vo	norm	2338.6023054454	11.8321595662	2166.9688988323	1000.926574263	165.7532528147	323.3659546483	1586.59479655	874.999401369	7010.3670116332	8413.933521747
275	275	4	1	7	M	23	465	jo	norm	2339.4353186391	11.8321595662	2262.0486115993	281.5742403793	77.3379987364	143.8384096085	1517.67373078	1261.39346326	2621.6000493366	2644.9381370356
276	276	3	8	29	F	20	262	vo	syn	2963.4698635229	11.8321595662	2008.5372424927	1977.8048339052	245.8664741082	563.6357892188	2220.35927783	-121.966299752	2924.6026058016	14369.149284109
277	277	4	3	27	F	29	972	sc	syn	2348.6065110513	11.8321595662	2085.5380607734	616.0138453408	149.3666940588	262.1140921721	1638.43962106	694.977882159	4736.5943865337	5167.7677201716
278	278	4	1	23	M	23	465	jo	syn	2012.2448004947	11.8321595662	1972.0843064242	257.7591100464	145.070757049	165.9406181376	1236.03885509	1129.1523044	588.7078183803	573.3270045149
279	279	3	8	11	F	20	262	sc	norm	2291.1075186724	11.8321595662	1966.6526852389	635.6751428918	274.787058165	383.9186650976	1643.00406398	827.036500645	2162.7982850223	3087.4819273401
280	280	6	9	8	F	31	913	jo	norm	1902.961901523	11.8321595662	1720.0243158947	592.3146179173	271.3062882314	423.2617685071	1328.6066062	673.906623907	3400.2684336224	4395.4964350288
281	281	1	6	9	M	37	973	sc	norm	2109.2431958898	11.8321595662	1855.371934495	1049.2380224723	478.7631571901	873.744170962	1792.77515468	832.186980302	492.2229588045	5075.9874598206
282	282	3	28	22	F	41	662	jo	syn	2114.1173187187	11.8321595662	1624.9492860568	1153.207115758	444.5113873374	833.2010120024	1540.32239408	763.069482347	2440.6736362347	4240.9013153404
283	283	4	3	25	F	29	972	sc	syn	2138.163496457	11.8321595662	1841.6885440471	470.0067563955	127.8248798029	213.0913751932	1464.74169196	854.955817363	2711.3533430431	2161.7336834339
284	284	4	1	3	M	23	465	im	norm	2246.1876171862	11.8321595662	2126.1576188251	238.1248355073	120.0137370932	152.2377151226	1435.83657438	1225.16010426	1468.4628293599	1787.5772222537
285	285	2	9	22	F	31	913	jo	syn	2202.1985999237	11.8321595662	1998.7077417573	568.7967148746	174.4473535251	328.9130714437	1515.71483423	724.548002089	2454.0184182858	3429.2353754158
286	286	6	28	15	F	41	662	vo	norm	1891.0614215636	11.8321595662	1644.1171066642	762.9266267874	377.3716856989	522.9746825678	1432.78624357	753.16058954	3972.0693685916	4009.5366488524
287	287	1	28	31	F	41	662	vo	syn	2342.7491371316	11.8321595662	1793.3437504494	691.8923460703	251.5958984212	485.4678829312	1660.76728751	763.852487963	3206.6812499559	3634.6253689259
288	288	3	28	5	F	41	662	jo	norm	2015.2878593513	11.8321595662	1532.2603655171	1212.0736929135	432.1979671348	861.223483786	1618.89920291	770.340330443	2729.3254160769	4614.5856323569
289	289	1	20	27	F	20	499	sc	syn	1836.7490583272	11.8321595662	1791.8555172936	904.5166509092	641.1957844164	793.2550771831	1498.08043012	806.456108044	378.6742782998	3142.740495674
290	290	4	1	13	M	23	465	vo	norm	2562.5092653862	11.8321595662	2073.3495284013	244.6308832082	103.3584808431	116.8778744044	1727.65230537	802.75457552	9626.8759578749	9440.897877986
291	291	2	2	30	F	53	989	vo	syn	2872.0452467937	11.8321595662	2687.4531653736	429.6389570435	214.4101320848	289.8684903869	1997.78518384	939.032388013	3151.9134530023	3425.8728313694
292	292	4	28	11	F	41	662	sc	norm	1811.3717400876	11.8321595662	1669.6713501243	635.7395274811	342.6149381509	499.7700133593	1283.81	737.060051632	3354.2472121935	3926.6568224602
293	293	4	3	11	F	29	972	sc	norm	2197.939125639	11.8321595662	2013.9076601313	915.312224683	435.3542603268	614.0188429885	1520.67609609	1108.48052546	3271.4664539086	3413.0670712399
294	294	1	6	2	M	37	973	im	norm	2145.6734575975	11.8321595662	1831.2577856538	1086.1246338873	522.2187997245	828.4199639992	1721.48022326	882.653065581	641.7032607425	4516.1490585301
295	295	4	20	13	F	20	499	vo	norm	2018.5158569905	11.8321595662	1960.8415521295	414.2597536073	205.2510143698	286.4460568152	1387.75127782	1181.61264468	2075.4941748221	2271.5310837506
296	296	4	3	1	F	29	972	im	norm	2021.8494844836	11.8321595662	1686.7384690752	430.9516180562	86.0163646877	143.2901357911	1421.27074792	804.80208712	3375.8114170748	3830.5410196283
297	297	2	28	1	F	41	662	im	norm	2394.5545579507	11.8321595662	2127.6981779417	1263.615117256	378.8789202531	989.2082575409	1672.96451902	814.231908663	3002.4854091525	4192.6863683576
298	298	3	8	27	F	20	262	sc	syn	2339.8075036776	11.8321595662	1899.7047817557	841.1524797809	362.2540922706	567.8409361543	1671.51973573	797.485013764	2898.5778538157	3538.1409411451
299	299	4	3	3	F	29	972	im	norm	1926.7948048779	11.8321595662	1609.968637578	317.6479435277	71.8597606826	141.1315472081	1395.50673247	850.049291544	1788.6515825372	2206.499490723
300	300	3	2	17	F	53	989	im	syn	2614.3414073644	11.8321595662	2481.5345507949	911.8286418753	286.1544234462	613.9007075449	1772.88035463	889.280743304	4156.7758384432	4097.2647261419
301	301	6	28	21	F	41	662	jo	syn	2191.2453641786	11.8321595662	1845.9690220783	775.8515689861	419.2696797687	621.032932988	1624.73575847	780.234403455	2905.5331828916	3872.2367774022
302	302	4	1	5	M	23	465	jo	norm	2391.6674377559	11.8321595662	2092.4414391035	666.8303255965	461.0450777052	540.3910636814	1648.41139286	835.75779356	3758.7804023321	3612.3929412211
303	303	1	18	19	M	30	992	im	syn	2049.5784012765	11.8321595662	1659.1666494535	1107.6838897945	163.6302261025	731.2319190001	1679.90056842	794.955681947	777.1331069207	3910.9960043068
304	304	1	18	12	M	30	992	sc	norm	2120.5611590152	11.8321595662	1774.0911870599	1047.7182255755	162.2343995848	573.5312505316	1476.915	816.513412398	1666.0122917583	3060.4329113371
305	305	2	2	18	F	53	989	im	syn	2756.3569420561	11.8321595662	2583.3564458369	1297.9539303885	327.4291415124	930.6904740696	1834.08592678	1339.63662137	3275.5367110362	3429.9948621582
306	306	1	3	23	F	29	972	jo	syn	2158.2954084227	11.8321595662	1926.133084599	1278.663343399	511.4566693797	987.1466053293	1877.85046397	680.461328837	602.2827018904	5178.6513240068
307	307	1	6	23	M	37	973	jo	syn	2082.6766171181	11.8321595662	1887.8143819434	1022.9003072452	556.0771012147	884.9023795193	1763.71249815	882.690907549	462.7926971991	3654.7147457229
308	308	1	6	11	M	37	973	sc	norm	2103.5094391012	11.8321595662	1852.3063408038	1032.6170755607	513.8974010833	838.3156186829	1784.37067172	865.99504499	223.1352459984	3102.9461063538
309	309	4	8	3	F	20	262	im	norm	2368.4686252697	11.8321595662	1993.5153172019	543.2977903327	229.1780354962	328.1140804951	1588.37048094	824.275618734	3425.730718822	3510.3148269321
310	310	4	10	13	F	24	438	vo	norm	1692.5736654742	11.8321595662	1418.6500545565	544.3020898347	268.8331695857	427.5150364697	1120.65268508	778.735394307	1782.7889767547	1792.38716894
311	311	3	1	9	M	23	465	sc	norm	2697.9994607998	11.8321595662	1601.841821668	471.325230602	118.7912077838	385.9673517683	1871.76909616	821.597080038	2620.7587059763	2958.7971263816
312	312	3	10	24	F	24	438	jo	syn	2134.3519598102	11.8321595662	1756.7761978685	546.6130637332	298.0444815909	399.0627553151	1495.84879691	759.139779387	2549.6469326551	2993.6013573451
313	313	1	20	24	F	20	499	jo	syn	2036.4543502888	11.8321595662	1890.0181030985	1100.8693603475	572.71803447	978.4568128349	1769.22574132	673.57061203	662.3243776757	4415.1946735283
314	314	3	10	25	F	24	438	sc	syn	2243.811026324	11.8321595662	1796.3955854746	1050.6358754347	335.077517982	565.1326637589	1542.70125184	709.338773509	6093.9905233115	6355.9306694355
315	315	6	9	9	F	31	913	sc	norm	2119.0441652973	11.8321595662	1861.0416830865	601.0472509125	214.0590998941	363.2715131785	1455.95484951	771.713951034	4493.3214617631	4132.1431928475
316	316	2	20	16	F	20	499	vo	norm	1901.3175321637	11.8321595662	1765.7328463534	927.6852730275	568.8875013508	797.5234643404	1538.02333869	808.79509435	220.8184616188	2566.6404629384
317	317	6	28	29	F	41	662	vo	syn	1948.2685014715	11.8321595662	1662.5223598536	883.7640534753	533.1999536052	689.6494699896	1556.32566535	772.589939359	2258.6818429338	4797.8002675305
318	318	3	8	31	F	20	262	vo	syn	2421.8445695209	11.8321595662	2073.3237084314	716.8342801736	203.7909578212	416.5529604112	1703.88407858	811.252937057	4266.4653414604	4907.4040133412
319	319	4	8	19	F	20	262	im	syn	2246.0420558506	11.8321595662	1842.2234094766	606.2782668411	198.1411576851	317.3249634459	1508.13126479	817.158816231	3894.7006653798	3941.8797446972
