	0	1	2	3	4	5	6	7
0	16982.0	283.01667	217.678	-163.049	857.946	203.418	298.404	865.196
1	16948.7283866	282.462141971	229.691569501	-162.333169476	872.252855412	215.330135833	290.924822037	875.584269542
2	16967.0328364	282.767212397	229.174958678	-161.339385543	876.097629987	215.904516242	291.554715375	879.64860303
3	16995.2528961	283.237543884	226.322686779	-160.278654991	878.272032194	214.141620112	293.752198859	882.860405204
4	17000.1827325	283.319708512	229.375359723	-159.233063608	885.976826108	217.423686185	292.162511307	889.691835075
5	16984.3775853	283.056293002	237.633934067	-158.129614362	898.629162952	225.268452208	287.137832276	899.768524866
6	16972.3313893	282.855526571	244.884468242	-156.857166315	910.793864405	232.282988842	282.622698871	909.728476814
7	16977.7981752	282.946640449	247.650730216	-155.410982415	919.416784093	235.38904565	280.878330991	917.697578025
8	16990.801689	283.163363539	248.477488112	-153.914258142	926.739606943	236.726281406	280.32199939	925.030445347
9	16994.4450282	283.224082657	251.645602657	-152.492517306	936.545984969	239.984191104	278.235454151	933.969490542
10	16986.4224045	283.090370121	257.699189922	-151.139809662	949.322148464	245.709015964	274.297563369	944.74362629
11	16979.1895136	282.969821906	263.423358067	-149.731364306	962.212664078	251.274419407	270.622936081	955.645591714
12	16982.2237026	283.020393576	266.3889105	-148.174767643	973.04207991	254.69659006	268.801605232	965.483119084
13	16990.7147572	283.161913834	267.833994079	-146.528215228	982.904607917	256.994123933	267.975219785	975.013832047
14	16993.622268	283.210374406	270.576103914	-144.944066466	994.345996112	260.408435919	266.184988614	985.717646158
15	16988.4338009	283.123900087	275.215482208	-143.496650453	1007.97448312	265.323853478	262.925511914	997.79899614
16	16983.2909852	283.038184372	279.602109786	-142.094942861	1021.92371494	269.958025932	259.585170997	1010.03736631
17	16985.343594	283.072391347	281.854793216	-140.588710264	1034.49710353	272.850173551	257.448879488	1021.44661446
18	16991.6882732	283.178133954	282.705542174	-138.948365214	1046.28810725	274.597547665	256.019876073	1032.40334168
19	16994.165881	283.219428074	284.247495692	-137.303008965	1059.13788632	276.684267432	253.746365375	1043.85699537
20	16990.4356402	283.157260375	287.047507469	-135.781605298	1073.58136852	279.28904715	250.030345085	1055.88781486
21	16986.457727	283.090964996	289.498108918	-134.338710465	1088.19334416	281.135089728	245.90559597	1067.62681496
22	16987.9849808	283.116420347	290.062374038	-132.777290702	1101.49050219	281.456333763	242.68675155	1078.56512535
23	16993.0764669	283.201276848	289.282676615	-130.959380616	1113.71762236	281.262129111	240.470935989	1089.37543068
24	16995.2759241	283.237931381	288.976356297	-128.973352613	1126.25556787	282.131318967	238.324229799	1101.07915934
25	16992.4334961	283.190555088	289.860005799	-127.065324227	1139.66504978	284.159880273	235.65923412	1113.65845899
26	16989.1981481	283.136632222	290.758854025	-125.402279457	1153.04072489	285.804668066	232.892834398	1125.961104
27	16990.3990494	283.156649064	290.266074419	-123.919195941	1165.38551328	285.811682325	230.656754575	1137.03299167
28	16994.6687645	283.227813873	288.512890592	-122.404047217	1176.99045024	284.695293893	228.808266799	1147.16357037
29	16996.6741764	283.261239622	286.791295555	-120.71259294	1188.95342028	283.917519739	226.612934281	1157.35768278
30	16994.4293238	283.223825553	285.748329192	-118.878834334	1201.58739945	283.961723681	223.766997257	1168.00256815
31	16991.7089512	283.178483868	284.642048864	-117.025904156	1213.92642858	283.832854056	220.809749809	1178.45694154
32	16992.6875447	283.194790624	282.520083396	-115.208061419	1224.96710367	282.50901775	218.386666518	1187.98664911
33	16996.3763785	283.25626915	279.571866852	-113.367761397	1234.93485376	280.315301891	216.404553186	1196.72445684
34	16998.2388119	283.287310236	276.82620237	-111.433857874	1244.89773468	278.436387699	214.213486195	1205.41411137
35	16996.4239814	283.257065861	274.723736889	-109.422836447	1255.3081126	277.333617324	211.51769348	1214.37330436
36	16994.0820696	283.218037133	272.574254311	-107.422132619	1265.43949839	276.21570304	208.758730315	1223.09396867
37	16994.8994281	283.231661085	269.589469653	-105.48881737	1274.40972298	274.192889116	206.485627309	1230.96033009
38	16998.1554539	283.285926829	266.005485665	-103.591103697	1282.35671524	271.490111752	204.607572209	1238.06267473
39	16999.9081297	283.315135082	262.757552249	-101.653245817	1290.20555949	269.111955766	202.538604671	1245.02597454
40	16998.4179035	283.290295332	260.208870984	-99.6377556598	1298.40460204	267.488345784	200.000748235	1252.14303142
41	16996.3661759	283.256099249	257.708977743	-97.5693191208	1306.35236909	265.949055399	197.379671521	1259.00538841
42	16997.0611541	283.267683931	254.564591827	-95.4906435022	1313.2420453	263.679532817	195.175720505	1265.09372466
43	16999.9818551	283.316365226	251.051039421	-93.4195619306	1319.14620986	260.815682769	193.326198132	1270.48579662
44	17001.6475591	283.344129303	248.058439451	-91.3553910158	1324.90813379	258.223244873	191.315463294	1275.72871924
45	17000.4113334	283.32352579	245.855925251	-89.3065784556	1331.04844628	256.327794969	188.895719613	1281.08991217
46	16998.5894354	283.293158744	243.665655854	-87.2886043533	1337.17055929	254.599702359	186.428891976	1286.22483082
47	16999.1882626	283.303136072	240.640679022	-85.2939039834	1342.59647125	252.340569144	184.404542434	1290.69285403
48	17001.8412082	283.347349723	236.95374863	-83.2823835827	1347.29682818	249.649487133	182.806594305	1294.59098732
49	17003.4362319	283.373933835	233.570518931	-81.2147216455	1351.85635331	247.265218539	181.175346876	1298.44062404
50	17002.404418	283.356739605	231.037731645	-79.0893400645	1356.58881769	245.550540126	179.248849534	1302.49769423
51	17000.7692719	283.32949031	228.88366683	-76.9348393033	1361.05888264	244.025173808	177.303005437	1306.42940018
52	17001.2904793	283.338178571	226.352383096	-74.7680323725	1364.6615666	242.054916772	175.75449907	1309.78272124
53	17003.7244213	283.378743118	223.419362519	-72.5756750891	1367.45023652	239.721719985	174.595418176	1312.59805387
54	17005.2608088	283.404346635	220.741774461	-70.3491444992	1370.09083191	237.692504759	173.42367146	1315.34833798
55	17004.397251	283.389951252	218.693159887	-68.1299352212	1373.02746552	236.29941012	171.995119089	1318.30944248
56	17002.917041	283.365280273	216.842750813	-66.0019008659	1375.98996394	235.103088214	170.524964212	1321.21715701
57	17003.3742011	283.372901196	214.567302502	-64.0253763725	1378.46340294	233.516972982	169.342323108	1323.64860371
58	17005.6254633	283.410425185	211.918962892	-62.179214983	1380.42681901	231.617040677	168.400000685	1325.58553396
59	17007.1123657	283.435209345	209.557317404	-60.374494495	1382.35130202	230.033577228	167.323780272	1327.4039844
60	17006.3898951	283.423168552	207.861514459	-58.5300835319	1384.50709342	229.090814397	165.927787118	1329.33903643
61	17005.0404595	283.400675972	206.444565111	-56.6383030362	1386.57254757	228.372543145	164.483432186	1331.17414663
62	17005.4438077	283.407395323	204.71048826	-54.763282706	1388.08797453	227.289655367	163.37576733	1332.56661296
63	17007.5401758	283.44233259	202.667703675	-52.9828179791	1389.11464254	225.864030217	162.618063227	1333.54201557
64	17008.9847073	283.466408345	200.893462674	-51.3324417457	1390.1813159	224.674239028	161.875803023	1334.47724276
65	17008.3823938	283.456372337	199.728047569	-49.7970424626	1391.58827037	224.061766783	160.94771045	1335.60814427
66	17007.144954	283.435751494	198.816202098	-48.3461646164	1393.0186381	223.681835116	160.039380832	1336.74282643
67	17007.5023984	283.441710523	197.606866249	-46.9747733495	1393.98113754	222.98486502	159.469209945	1337.56320089
68	17009.4655993	283.474429564	196.103109303	-45.714707385	1394.47732704	221.949572062	159.227732251	1338.08782739
69	17010.8733982	283.497890013	194.83360414	-44.6100989558	1394.99542497	221.078382007	158.996698747	1338.66071514
70	17010.3747782	283.48957684	194.103221057	-43.6783725829	1395.85738576	220.692827115	158.588098666	1339.49055494
71	17009.2344524	283.470570425	193.56286973	-42.8897615818	1396.81169297	220.504448819	158.187476407	1340.37591515
72	17009.5522283	283.475868144	192.684367346	-42.1847725411	1397.40719906	220.02773673	158.065966344	1340.98659757
73	17011.3995697	283.506660106	191.482303726	-41.5166661635	1397.61772517	219.243768122	158.163644925	1341.31005284
74	17012.7751793	283.529589485	190.496828857	-40.880092289	1397.86793389	218.604335768	158.125835444	1341.65753084
75	17012.367071	283.522788207	190.067452576	-40.2964394878	1398.44599299	218.390712268	157.75372772	1342.23431366
76	17011.3118675	283.505199604	189.886577352	-39.7695826163	1399.11734681	218.319357054	157.263730736	1342.8666354
77	17011.5949772	283.509914993	189.426687143	-39.2601885516	1399.45772639	217.928909147	157.007110748	1343.24937731
78	17013.3404684	283.539004212	188.647415657	-38.7107756648	1399.43491167	217.206498795	157.026476913	1343.36370667
79	17014.6876025	283.56145652	188.027376109	-38.0988034204	1399.44433304	216.595864625	157.03473869	1343.4935472
80	17014.3592895	283.55598707	187.898337976	-37.4613723137	1399.7645099	216.38651377	156.824112769	1343.8304553
81	17013.3794049	283.539658826	187.997599791	-36.8638725481	1400.18535009	216.323760378	156.541539779	1344.21765292
82	17013.6319222	283.543869213	187.833970358	-36.3458800086	1400.30860743	215.963663063	156.4687041	1344.38199744
83	17015.28706	283.571454045	187.348754734	-35.9007993653	1400.09597429	215.277151526	156.62594286	1344.3279979
84	17016.6087926	283.593480135	186.969429709	-35.504637343	1399.91585251	214.680751705	156.747399734	1344.34912651
85	17016.3514468	283.589188128	186.999336632	-35.1536148055	1400.03962535	214.465252365	156.653528477	1344.64025655
86	17015.4387658	283.573975627	187.187587946	-34.8658089935	1400.28682481	214.409140355	156.502139972	1345.04020503
87	17015.6640513	283.577731699	187.060030328	-34.6503577399	1400.29775329	214.096160814	156.572529845	1345.25258855
88	17017.2383858	283.603973515	186.548998062	-34.4868055692	1400.04489115	213.491626711	156.880184253	1345.24175435
89	17018.5372894	283.625624552	186.066110312	-34.3401051469	1399.87594581	212.991074456	157.14910374	1345.26879911
90	17018.3435531	283.622396289	185.934635244	-34.189361297	1400.03467683	212.885269386	157.177813693	1345.52772513
91	17017.4912832	283.608190032	185.963191573	-34.0328190693	1400.3216071	212.975594225	157.100357175	1345.8811196
92	17017.6921415	283.611534581	185.729114384	-33.8658611379	1400.35774449	212.854127469	157.191808717	1346.04863141
93	17019.1936899	283.636557991	185.164652334	-33.6658243487	1400.08675598	212.454199805	157.489185062	1345.98201632
94	17020.4719386	283.657862048	184.641831587	-33.4085103628	1399.83247229	212.124334405	157.744752871	1345.91584191
95	17020.3356165	283.655592327	184.454934246	-33.0989902617	1399.84455936	212.14345121	157.771499825	1346.03572196
96	17019.5380166	283.642302169	184.420751131	-32.7792042985	1399.96172371	212.351650544	157.708306113	1346.22660134
97	17019.7168117	283.64528399	184.137986409	-32.5021553523	1399.84951848	212.392448424	157.845638616	1346.24352523
98	17021.1523685	283.669209312	183.5359985	-32.3009736797	1399.47762459	212.216164924	158.249239767	1346.06271232
99	17022.4118155	283.690197393	182.957205173	-32.1825409144	1399.17827063	212.147127802	158.68786374	1345.92682303
100	17022.3276434	283.688791555	182.671655855	-32.1417754608	1399.206586	212.429839028	158.955822432	1346.02278023
101	17021.5798185	283.676326499	182.502378157	-32.1703084859	1399.40360265	212.884882721	159.152009859	1346.23483377
102	17021.7385611	283.678973375	182.077298533	-32.2493129661	1399.41670263	213.144979061	159.544973047	1346.31003261
103	17023.1139335	283.701899115	181.355589816	-32.3444717079	1399.17106988	213.140293141	160.213035323	1346.20804391
104	17024.3561709	283.722605796	180.701348979	-32.4203176568	1398.95248666	213.166029115	160.939709828	1346.15741275
105	17024.3196391	283.721997758	180.402917358	-32.4623248989	1399.00121367	213.446869624	161.489130071	1346.34318687
106	17023.6173833	283.710291863	180.295189332	-32.479320072	1399.18059641	213.803394723	161.881340072	1346.65209341
107	17023.7577973	283.712629033	179.996038319	-32.4804628632	1399.16893756	213.879083487	162.310983716	1346.81936684
108	17025.0779855	283.734629678	179.42606252	-32.453560189	1398.90102941	213.613616995	162.848786613	1346.77418591
109	17026.304391	283.755069521	178.899801223	-32.3718364319	1398.6510334	213.313384462	163.345960825	1346.7160127
110	17026.3116078	283.755191994	178.670739078	-32.2224160329	1398.65009505	213.226612011	163.65918188	1346.82622992
111	17025.6512816	283.744189734	178.560290484	-32.0239286894	1398.77105919	213.20854926	163.865211635	1347.01460606
112	17025.7748559	283.746251337	178.181084226	-31.8146126272	1398.71329807	212.933873741	164.159818321	1347.04566587
113	17027.0441953	283.767406539	177.450151096	-31.6269947298	1398.42871039	212.36162074	164.586036883	1346.86852113
114	17028.255968	283.787600141	176.695367309	-31.4769506939	1398.19975954	211.814700001	164.978056479	1346.6992464
115	17028.3035531	283.788390208	176.217568284	-31.3720760546	1398.26101477	211.566117201	165.205121054	1346.74550781
116	17027.6819873	283.778029318	175.90910812	-31.3198608815	1398.4825266	211.496654897	165.37729073	1346.94773073
117	17027.790016	283.779830812	175.441616521	-31.3219280404	1398.54772988	211.286070367	165.719912977	1347.08149233
118	17029.0122884	283.800204832	174.753063875	-31.3654781206	1398.38226659	210.869327429	166.277080006	1347.07169312
119	17030.2104785	283.820177467	174.161449364	-31.4304313507	1398.25027092	210.53200784	166.843390716	1347.08808174
120	17030.295478	283.821595101	173.951892921	-31.509297234	1398.39154477	210.517629004	167.218842996	1347.29979356
121	17029.7098971	283.811833919	174.005216354	-31.6160685144	1398.69728089	210.687046838	167.448161586	1347.63353975
122	17029.8035116	283.813391131	173.973749884	-31.7704997995	1398.86287097	210.696565675	167.731748483	1347.86810322
123	17030.9820342	283.833030591	173.758892907	-31.9742046336	1398.80235109	210.453685426	168.14057794	1347.93171615
124	17032.1675662	283.85278905	173.636945771	-32.2064683028	1398.75677558	210.234728614	168.524313176	1347.99167441
125	17032.287385	283.854788095	173.866752079	-32.4445440337	1398.95343754	210.31113091	168.727963314	1348.21351924
126	17031.7353455	283.845590609	174.320658517	-32.6837144287	1399.28662495	210.594018816	168.810334487	1348.52087267
127	17031.8155406	283.846929351	174.642230814	-32.9334328202	1399.45569211	210.770798694	168.96352641	1348.68530993
128	17032.9532378	283.865890685	174.710726801	-33.1961220077	1399.36815285	210.733784001	169.249535405	1348.6244237
129	17034.1269292	283.885449697	174.776979807	-33.4569566394	1399.25665938	210.712468808	169.520488181	1348.5036676
130	17034.2792761	283.887985754	175.09037674	-33.6993001088	1399.35449619	210.937849442	169.632303128	1348.50637795
131	17033.758617	283.879306497	175.532459723	-33.9283016237	1399.57662825	211.308034003	169.655611072	1348.586229
132	17033.8262712	283.880434929	175.758951122	-34.17365959	1399.63970163	211.514600925	169.791262972	1348.5356395
133	17034.9257331	283.898762047	175.654998154	-34.4655510985	1399.45096695	211.453353516	170.103463222	1348.27208889
134	17036.0883099	283.918141189	175.483936595	-34.8082388687	1399.23214832	211.356786473	170.433462301	1347.95226464
135	17036.2711531	283.921189701	175.531759167	-35.1790852766	1399.21279657	211.471059177	170.61001793	1347.7635974
136	17035.7799547	283.9130017	175.734048914	-35.5537732999	1399.31748068	211.721652954	170.66985635	1347.68043467
137	17035.8358475	283.913930257	175.78670648	-35.931582277	1399.27519551	211.820277521	170.792704414	1347.51277031
138	17036.8993776	283.931653091	175.577137572	-36.3357221531	1398.99826587	211.658962505	171.048273872	1347.17282792
139	17038.0514871	283.950854349	175.342215462	-36.7899220723	1398.71067916	211.450493999	171.306261108	1346.79333557
140	17038.2630176	283.954381793	175.343851431	-37.2956984291	1398.65144685	211.430102307	171.430377544	1346.54285062
141	17037.799568	283.946660791	175.515143776	-37.8323857148	1398.75905624	211.534894275	171.48400079	1346.39914875
142	17037.8443936	283.947410159	175.562848311	-38.3781478594	1398.76460825	211.500647223	171.659409778	1346.19181032
143	17038.8740483	283.964570954	175.379926954	-38.9292733935	1398.56021435	211.236983995	172.024232243	1345.84927016
144	17040.0162699	283.983605575	175.197797695	-39.4976788202	1398.33668917	210.960551013	172.432071835	1345.50539418
145	17040.254871	283.987579173	175.269494115	-40.0900391729	1398.30668645	210.901699295	172.721243682	1345.31830323
146	17039.8176381	283.980290211	175.519486679	-40.6925778622	1398.39938696	210.987159963	172.931602146	1345.25251078
147	17039.8520173	283.980863905	175.638855012	-41.2808594252	1398.34942944	210.933887059	173.243586418	1345.12577824
148	17040.8496386	283.997493607	175.492435386	-41.8464799035	1398.05980202	210.626438983	173.721065172	1344.85793353
149	17041.9824924	284.016377424	175.280310655	-42.4106660167	1397.74200707	210.264454756	174.205582791	1344.58188129
150	17042.2467143	284.020782394	175.238116545	-43.0048332851	1397.64077322	210.082760345	174.503482057	1344.46567604
151	17041.8343227	284.013907982	175.294540053	-43.6335553317	1397.7165928	210.028244315	174.612295063	1344.48826004
152	17041.8588124	284.014313202	175.159911893	-44.2585991144	1397.71413154	209.831263751	174.685778587	1344.47211607
153	17042.8260556	284.030431176	174.724457834	-44.8246345045	1397.51692631	209.368181987	174.796760194	1344.32427887
154	17043.9500097	284.049163019	174.217716092	-45.3034650604	1397.30164587	208.818612627	174.829263011	1344.15567222
155	17044.2385487	284.053973801	173.906829408	-45.7118052811	1397.28442551	208.408408904	174.647236989	1344.11920684
156	17043.8497599	284.047497127	173.742828214	-46.0844008279	1397.41133179	208.097277196	174.303851678	1344.19203083
157	17043.8648608	284.047751195	173.436688754	-46.4316765994	1397.41991014	207.641169653	173.99891709	1344.20079731
158	17044.8032176	284.063390526	172.862566017	-46.725955389	1397.19010599	206.942572031	173.837392327	1344.05489665
159	17045.9186947	284.081979516	172.241737033	-46.9261982457	1396.90740298	206.20707493	173.714284447	1343.86997358
160	17046.2303749	284.08717108	171.859561125	-47.0088832813	1396.81663935	205.689333952	173.47874382	1343.81549679
161	17045.8640709	284.081064132	171.698596743	-46.9714899086	1396.90008753	205.370601761	173.150993313	1343.89442548
162	17045.8702349	284.081167413	171.477360217	-46.8134216703	1396.91239686	205.001889804	172.898332959	1343.95057778
163	17046.7810529	284.096350314	171.030298212	-46.5272713856	1396.71826842	204.451040586	172.809479148	1343.88723596
164	17047.8884354	284.114809658	170.50992946	-46.1161902702	1396.47205826	203.88408617	172.780842377	1343.79758872
165	17048.2221937	284.120373711	170.148683219	-45.6147652046	1396.40090554	203.538655454	172.669039419	1343.83365377
166	17047.8773629	284.11462546	169.922467843	-45.082706132	1396.49377056	203.394360421	172.493494221	1343.99513416
167	17047.8749986	284.114583172	169.582028284	-44.5745317885	1396.52057116	203.17611609	172.403861546	1344.12093669
168	17048.759498	284.129322009	169.002868562	-44.1202178468	1396.3504327	202.681018832	172.456262282	1344.08781722
169	17049.8591327	284.147648371	168.366043066	-43.7386136622	1396.13281403	202.00740098	172.51596032	1343.950145
170	17050.2140059	284.153564585	167.920295396	-43.4627694101	1396.09873465	201.421949821	172.438834931	1343.85133156
171	17049.8897308	284.148163111	167.655354969	-43.3395177492	1396.25833564	201.080069069	172.29705677	1343.84927461
172	17049.8792086	284.147990231	167.33651137	-43.3982560215	1396.40490296	200.960418991	172.334566216	1343.89209451
173	17050.7384963	284.162311913	166.849493984	-43.625224043	1396.40954001	201.028532508	172.686178021	1343.94556697
174	17051.8306982	284.180513099	166.375812494	-43.9758168458	1396.39521435	201.327553265	173.21118168	1344.05828986
175	17052.2058121	284.18676188	166.153352396	-44.4115914494	1396.55287025	201.847807412	173.65238316	1344.25897543
176	17051.9012593	284.18168399	166.151320522	-44.9183890172	1396.85876134	202.398970795	173.915513803	1344.44568105
177	17051.8829153	284.181378644	166.110905329	-45.4865350557	1397.086537	202.736491593	174.119291664	1344.457182
178	17052.7179977	284.195299199	165.902565766	-46.0829200287	1397.09942907	202.822516178	174.377355075	1344.25814873
179	17053.8030533	284.213386467	165.712932573	-46.6557961488	1397.02219201	202.868830462	174.620786746	1343.98935774
180	17054.1976127	284.219964012	165.800796375	-47.171856374	1397.05862006	203.075827119	174.697156002	1343.80107371
181	17053.9120241	284.215203281	166.146372526	-47.6435174912	1397.20720682	203.396948885	174.5998628	1343.6827577
182	17053.8861641	284.214769463	166.464768955	-48.1145914486	1397.2656045	203.635754065	174.507521498	1343.51315409
183	17054.697957	284.228296461	166.563821722	-48.6211181967	1397.11658462	203.731842139	174.57345854	1343.25525543
184	17055.7761274	284.246264929	166.565435112	-49.1699842108	1396.90196456	203.830890196	174.742156462	1343.02070875
185	17056.1894084	284.253154462	166.701133959	-49.7509125487	1396.84490065	204.037769228	174.832219773	1342.91066492
186	17055.9220931	284.248702282	166.970205959	-50.3552328105	1396.96159958	204.210044073	174.772544804	1342.85870666
187	17055.8889956	284.248153245	167.126794349	-50.9721497725	1397.05260287	204.114966474	174.684449274	1342.71046303
188	17056.6783336	284.261309264	167.006901325	-51.5703614524	1396.98086565	203.767275056	174.715959447	1342.44794104
189	17057.7498568	284.279165929	166.745307907	-52.0974034366	1396.85579635	203.479041332	174.85742442	1342.25001515
190	17058.1811995	284.286351855	166.590766198	-52.5067280067	1396.87736457	203.508330477	174.972559925	1342.28503852
191	17057.9315276	284.282188522	166.578749019	-52.7831651844	1397.06096694	203.737852633	174.979741463	1342.49461894
192	17057.8914464	284.281520729	166.507951339	-52.9353951721	1397.22077203	203.806972546	174.929300902	1342.6554482
193	17058.6590909	284.294317223	166.24182463	-52.9650224314	1397.22733156	203.541495755	174.886643813	1342.64674418
194	17059.7241843	284.31207182	165.910981008	-52.8531931349	1397.17814938	203.134141743	174.804393826	1342.57905676
195	17060.1729864	284.319553548	165.736716107	-52.5847122784	1397.24613247	202.853810498	174.572086981	1342.62306069
196	17059.9403829	284.315676056	165.723748376	-52.1807729764	1397.42122413	202.680946355	174.175077945	1342.77375702
197	17059.8935498	284.314892757	165.650657253	-51.6970922267	1397.50992163	202.356705389	173.739540573	1342.86561152
198	17060.6401957	284.327333915	165.373060556	-51.1848826217	1397.39882478	201.773909537	173.398696481	1342.81153249
199	17061.6990577	284.344980424	165.020929733	-50.6583283474	1397.21800994	201.176753767	173.160368245	1342.73628275
200	17062.1647696	284.352743658	164.817016262	-50.1060771201	1397.17226093	200.891381922	172.948152958	1342.82014501
201	17061.9487095	284.349145687	164.767120762	-49.5321987546	1397.26495229	200.937769136	172.745361993	1343.06267946
202	17061.8953359	284.348258807	164.65162272	-48.9774813926	1397.29250876	201.03239002	172.633651493	1343.284868
203	17062.621618	284.360364057	164.33307482	-48.4963829339	1397.12200829	200.970746409	172.673835587	1343.36522515
204	17063.6744297	284.377908992	163.956655457	-48.1174212169	1396.87741541	200.879601499	172.80213511	1343.39050268
205	17064.1565493	284.385941207	163.763644254	-47.8316350235	1396.78120388	201.015736211	172.894621606	1343.52062244
206	17063.9565532	284.382605687	163.769335423	-47.6174017278	1396.86470238	201.399472911	172.916223464	1343.756176
207	17063.8968323	284.381610404	163.746862699	-47.4677374017	1396.93728085	201.781456243	172.949959823	1343.9264619
208	17064.6033301	284.393387685	163.542799085	-47.3889386409	1396.85142821	201.97757527	173.066628909	1343.91304694
209	17065.650257	284.410839531	163.295143805	-47.3790146575	1396.70011202	202.107936763	173.216893737	1343.80340959
210	17066.1483258	284.4191425	163.253531137	-47.4183616955	1396.67979751	202.415889987	173.297867556	1343.76718872
211	17065.9639558	284.416069057	163.442317732	-47.4852082581	1396.81163103	202.920706118	173.304126727	1343.82719595
212	17065.8980641	284.414968195	163.622977522	-47.5740722059	1396.905938	203.380727444	173.352584137	1343.8388485
213	17066.5853068	284.426419249	163.6073632	-47.6927265892	1396.81960963	203.61325843	173.53996212	1343.7030798
214	17067.6265	284.44377113	163.497729563	-47.8439668865	1396.65322224	203.728262896	173.82054543	1343.51602909
215	17068.1400994	284.452332337	163.529680412	-48.0199943572	1396.61625016	203.955112479	174.067403984	1343.44562415
216	17067.9709561	284.44951626	163.733555537	-48.2195334609	1396.74248822	204.304515381	174.235046579	1343.50222506
217	17067.8990545	284.448320663	163.875196646	-48.4638953785	1396.84314063	204.537134654	174.408162491	1343.52056299
218	17068.567525	284.45946255	163.757006362	-48.7843914123	1396.76163096	204.489848562	174.677741292	1343.38459458
219	17069.6031222	284.476720711	163.472965512	-49.188380445	1396.58384865	204.315013284	175.016256077	1343.19295612
220	17070.1318704	284.485530084	163.276853604	-49.64220552	1396.51940265	204.298121352	175.316702877	1343.13745392
221	17069.9775893	284.482956371	163.247422077	-50.0951009886	1396.61738426	204.49009213	175.533169144	1343.25322539
222	17069.8998249	284.481660198	163.203683036	-50.5220534694	1396.70303777	204.646321386	175.727382007	1343.37461634
223	17070.5499632	284.492498047	162.977163402	-50.9397274993	1396.61839318	204.55473164	175.963341959	1343.3564034
224	17071.5800898	284.509669903	162.663162626	-51.3780282758	1396.43695071	204.312430202	176.20326535	1343.26482584
225	17072.1236389	284.518731006	162.507885366	-51.8392741433	1396.36211016	204.182007403	176.350576451	1343.28482703
226	17071.9838884	284.516401378	162.5875482	-52.2903973726	1396.45261589	204.226047979	176.376122345	1343.47032507
227	17071.9003949	284.515007239	162.715444648	-52.6954700355	1396.55155057	204.21425265	176.34788483	1343.67065885
228	17072.5326016	284.525540985	162.697841895	-53.0500941344	1396.51265759	203.925625299	176.322928878	1343.72588707
229	17073.5573716	284.542619001	162.586899162	-53.3779816201	1396.40986995	203.436577702	176.257023417	1343.66635332
230	17074.1154053	284.551920626	162.592120404	-53.693786402	1396.4412097	203.012101605	176.065081446	1343.65689156
231	17073.9898839	284.54983152	162.783022783	-53.9743547861	1396.65897803	202.756953603	175.753313978	1343.7749844
232	17073.9007829	284.548349342	162.994597435	-54.1703842791	1396.89633028	202.500535721	175.437691725	1343.92626567
233	17074.5154218	284.558594196	163.057996935	-54.2451604685	1396.99085322	202.059957084	175.214649794	1343.9980285
234	17075.5349386	284.575584488	163.028616989	-54.1984507672	1396.99933488	201.509469316	175.053630915	1344.02265527
235	17076.1071697	284.585118602	163.093203176	-54.0525547359	1397.11070168	201.085961406	174.855954838	1344.12113742
236	17075.9956041	284.583256709	163.287444713	-53.8203774648	1397.37699579	200.868287724	174.60172046	1344.3144344
237	17075.9010061	284.581679816	163.42006088	-53.4934838987	1397.6300514	200.679869171	174.388598176	1344.47880097
238	17076.4984065	284.591638585	163.313384004	-53.0630628187	1397.69730007	200.35242995	174.313394154	1344.51721285
239	17077.5127635	284.608547618	163.030965923	-52.5489902645	1397.6233576	199.98579406	174.357935849	1344.50887648
240	17078.0989323	284.618319172	162.778372461	-52.0040013664	1397.59932242	199.838361113	174.429290022	1344.61906079
241	17078.0010756	284.616687934	162.613699481	-51.488033799	1397.70144891	199.98798679	174.490700508	1344.88076377
242	17077.9010806	284.615018864	162.368190166	-51.0386969044	1397.79690219	200.2214953	174.599038388	1345.14384874
243	17078.4815397	284.624690116	161.889045511	-50.664295254	1397.74017533	200.304879447	174.800153119	1345.26596105
244	17079.4908208	284.641509842	161.271063114	-50.359260016	1397.58486519	200.271710417	175.03439812	1345.29066496
245	17080.0906933	284.651508623	160.754736979	-50.1204483039	1397.51824567	200.345762993	175.191747786	1345.37333405
246	17080.0063235	284.650105311	160.42404384	-49.948472905	1397.60961553	200.613001003	175.247254083	1345.55800212
247	17079.9010213	284.648353179	160.113908965	-49.8394808232	1397.71874444	200.895348981	175.292123642	1345.71165698
248	17080.4648061	284.657750624	159.65440159	-49.7824177597	1397.68928724	200.995743738	175.414432835	1345.70678859
249	17081.4690866	284.674487121	159.120763178	-49.7657966795	1397.56101087	200.972157472	175.587528333	1345.60193126
250	17082.0824529	284.684706852	158.750302824	-49.7837789066	1397.51114725	201.060215602	175.714238946	1345.57096507
251	17082.0113714	284.683519597	158.639768873	-49.8330777985	1397.60865267	201.350073925	175.764453588	1345.67554627
252	17081.9008426	284.681677029	158.632763923	-49.9061038821	1397.72079555	201.663435784	175.819106084	1345.79104511
253	17082.4481914	284.690801486	158.544733497	-49.9919128654	1397.69951597	201.80134685	175.962751842	1345.78698012
254	17083.4475382	284.707460346	158.413708828	-50.086013936	1397.58922684	201.820140189	176.17152181	1345.7132831
255	17084.0742111	284.717907084	158.434884801	-50.1969665992	1397.56881666	201.949821183	176.345886971	1345.73412464
256	17084.0162414	284.716940791	158.672845203	-50.3399970561	1397.70675124	202.260957248	176.439582787	1345.8978443
257	17083.9005579	284.715010347	158.948302008	-50.5234198623	1397.86509955	202.539162164	176.509733117	1346.06045876
258	17084.431682	284.723859323	159.054776164	-50.7425502058	1397.88374661	202.550000899	176.626748465	1346.07406057
259	17085.4261538	284.740432089	159.009765631	-50.9864979095	1397.79233567	202.342517411	176.774248377	1345.98812958
260	17086.0659682	284.751096409	159.001987288	-51.2478197674	1397.76136953	202.179012537	176.876328989	1345.98892246
261	17086.0209551	284.750348966	159.114865538	-51.5232654427	1397.86295666	202.182893225	176.908725211	1346.15562167
262	17085.9001802	284.748339017	159.208967959	-51.8072016112	1397.9714504	202.181115214	176.935096591	1346.36162552
263	17086.4152648	284.756924948	159.120514315	-52.0891963809	1397.9392762	201.953531717	177.01617659	1346.45234253
264	17087.4049129	284.773417717	158.895541111	-52.3603475972	1397.8040559	201.543140987	177.116037609	1346.45339872
265	17088.0577243	284.784294908	158.733314114	-52.6192508495	1397.74145651	201.193169065	177.13292487	1346.52174337
266	17088.0255326	284.783755728	158.717520503	-52.8677159063	1397.82926099	200.989167671	177.013093536	1346.70706751
267	17087.8997218	284.781658299	158.707551818	-53.1004271662	1397.94724132	200.702597027	176.800594606	1346.85788291
268	17088.3989274	284.789980242	158.539675462	-53.3023544558	1397.9487371	200.075650458	176.57262724	1346.81476515
269	17089.3837958	284.806397786	158.258817602	-53.4584425025	1397.86531859	199.187291873	176.364284452	1346.63715012
270	17090.0494796	284.817494814	158.060130637	-53.5634114822	1397.86206412	198.40873514	176.183021308	1346.55094357
271	17090.0299936	284.817170077	158.022090284	-53.6185704589	1398.00662228	197.986930793	176.069123713	1346.67275305
272	17089.8991946	284.814987816	158.001192252	-53.6203284726	1398.17195897	197.787336127	176.089641964	1346.8700604
273	17090.3826578	284.823042428	157.832545857	-53.5580748037	1398.20637349	197.520450595	176.259342847	1346.94120415
274	17091.3627834	284.839375957	157.55421475	-53.4278578469	1398.13402746	197.14009804	176.503975212	1346.8745272
275	17092.0412341	284.850684054	157.339784317	-53.2454570753	1398.10832495	196.883337088	176.733222365	1346.84283156
276	17092.0343569	284.850572127	157.23299105	-53.0388702036	1398.18585433	196.912537814	176.934752983	1346.94839437
277	17091.8986099	284.848312694	157.061837553	-52.8242590267	1398.24029258	197.058979932	177.162505719	1347.07147163
278	17092.3664444	284.856111275	156.666344075	-52.59248744	1398.14119449	197.027650464	177.43567006	1347.03325591
279	17093.3418571	284.872366938	156.13289654	-52.3244226437	1397.94884696	196.791189337	177.690864409	1346.85213176
280	17094.032988	284.883882836	155.702857403	-52.0197236048	1397.8450244	196.631570374	177.855982402	1346.73651411
281	17094.0386409	284.883974318	155.462851677	-51.7060407822	1397.88315206	196.75538526	177.94050421	1346.81011867
282	17093.897979	284.881629213	155.231910687	-51.4168956685	1397.90135157	196.994000482	178.013010057	1346.93611308
283	17094.3502759	284.889169213	154.806065509	-51.1628299963	1397.73091399	197.01054746	178.102339398	1346.88984146
284	17095.3209991	284.905350983	154.238860637	-50.9280658536	1397.42866356	196.768907347	178.175776051	1346.66846643
285	17096.0247414	284.917082425	153.781401488	-50.6946152297	1397.2174031	196.650471789	178.235308668	1346.53078604
286	17096.0428635	284.91738465	153.560032651	-50.4644583603	1397.205223	197.034066051	178.382791071	1346.69963599
287	17095.8973128	284.914956641	153.422393378	-50.2554614784	1397.25365121	197.841388909	178.722825732	1347.09577857
288	17096.3341413	284.922233998	153.155106524	-50.0799539229	1397.16857548	198.608450383	179.203257038	1347.43616168
289	17097.3001917	284.938332814	152.775486992	-49.9341979209	1396.95714856	198.993292499	179.619280497	1347.56704187
290	17098.0164945	284.950271616	152.503501469	-49.8099283258	1396.8089402	199.098809418	179.818866173	1347.61255591
291	17098.0470422	284.950783348	152.457166819	-49.7099908796	1396.83409357	199.240632606	179.867009166	1347.76837697
292	17097.8966219	284.948279403	152.488945588	-49.6467453127	1396.91711322	199.48522637	179.943402005	1348.0234779
293	17098.3180296	284.955304352	152.38422836	-49.626748084	1396.88217413	199.542021474	180.0818789	1348.16679011
294	17099.2794176	284.971326423	152.146774032	-49.6438364879	1396.73941141	199.121439688	180.087793613	1348.05542119
295	17100.0082473	284.983470693	151.978906593	-49.6903968024	1396.67303586	198.295722648	179.76683816	1347.794092
296	17100.0511944	284.984183669	151.985257288	-49.770840898	1396.78707297	197.431483274	179.196129682	1347.610459
297	17099.8959169	284.981594814	152.010117363	-49.8976867495	1396.95670272	196.809126082	178.686955226	1347.60302187
298	17100.3019302	284.988363285	151.836409886	-50.0745702756	1396.98951072	196.39359936	178.460665625	1347.67340887
299	17101.2586596	285.004311799	151.476976067	-50.2895892025	1396.87901043	195.97936391	178.425672946	1347.69024183
300	17102.0	285.016669972	151.158151793	-50.5296482143	1396.80851432	195.470426557	178.328879405	1347.64547468
301	17102.0553371	285.017592608	151.013896168	-50.797469506	1396.90411219	194.957403048	178.091053669	1347.61927643
302	17101.8952083	285.014921751	150.906409133	-51.1065274952	1397.074032	194.567849158	177.908898302	1347.64703345
303	17102.2858324	285.021429035	150.620736498	-51.4562688498	1397.14764203	194.331478014	178.005857923	1347.68853377
304	17103.2379008	285.037294695	150.171710782	-51.817288534	1397.11539908	194.206708062	178.354842761	1347.7182741
305	17103.9917527	285.049859151	149.804322945	-52.1476180066	1397.1373474	194.165856601	178.717379309	1347.77520343
306	17104.0594876	285.050990571	149.680181777	-52.4249648213	1397.31233768	194.195843976	178.93082043	1347.88809135
307	17103.8945065	285.048243983	149.667071977	-52.6593691191	1397.53236624	194.246520363	179.069279224	1347.9965659
308	17104.2697256	285.054499265	149.51134478	-52.8718650572	1397.62742886	194.249454608	179.29016847	1348.00595455
309	17105.2171241	285.070288334	149.160619365	-53.0628599974	1397.60106113	194.201891201	179.593271821	1347.91465112
310	17105.9835055	285.083058532	148.809282207	-53.2044712391	1397.62677394	194.180381404	179.815394538	1347.82973661
311	17106.0636629	285.084391612	148.619408583	-53.2631355705	1397.80407384	194.236024256	179.852605063	1347.83163715
312	17105.8938221	285.081559881	148.503822097	-53.2265905775	1398.00884332	194.308326815	179.799679984	1347.86582625
313	17106.253599	285.087557606	148.260272106	-53.1089780588	1398.04998231	194.29180447	179.82106912	1347.8160014
314	17107.1963123	285.10327248	147.860139197	-52.9353060068	1397.92502125	194.179393025	179.935818584	1347.66717423
315	17107.9752586	285.11625751	147.489364696	-52.7267521016	1397.82627295	194.0850304	180.008901594	1347.5366501
316	17108.0678804	285.117801716	147.288747657	-52.5000515145	1397.88484698	194.103152168	179.953468612	1347.52520418
317	17107.8931655	285.114887884	147.157831051	-52.2730759836	1397.99777984	194.190384278	179.861498999	1347.58732789
318	17108.2374419	285.120622714	146.896715057	-52.0628947056	1397.97327159	194.231313742	179.882285903	1347.59711367
319	17109.175448	285.136253887	146.490594012	-51.8765860277	1397.79702222	194.196710116	180.01433104	1347.51989466
320	17109.967012	285.149446713	146.14234202	-51.7073632422	1397.65685407	194.170874765	180.094682487	1347.45404722
321	17110.0721575	285.15120154	146.004876577	-51.5424944767	1397.69110527	194.207832039	180.00322259	1347.48635484
322	17109.8925476	285.148211165	145.979923344	-51.3743435397	1397.80289733	194.22406764	179.811203507	1347.56390539
323	17110.2212433	285.153691196	145.860510397	-51.2024838645	1397.79374933	194.093888064	179.679710981	1347.56491201
324	17111.1545137	285.169244956	145.62210739	-51.027335421	1397.63578076	193.82618984	179.64607169	1347.47332594
325	17111.9587659	285.182646406	145.461275359	-50.8470438862	1397.51312574	193.568840222	179.57802526	1347.41077214
326	17112.0765122	285.184605909	145.525936062	-50.6644705652	1397.57714688	193.412586363	179.346735317	1347.47095107
327	17111.8919794	285.181529161	145.705165475	-50.4967121664	1397.74858272	193.254333359	178.986608967	1347.57938721
328	17112.2049919	285.186747334	145.766609742	-50.3741873837	1397.83369603	192.923209263	178.644963194	1347.57913977
329	17113.1334913	285.202225266	145.654710224	-50.3267951063	1397.79227937	192.423089414	178.410263822	1347.4390735
330	17113.9505204	285.215845093	145.544187946	-50.3682596387	1397.7895417	191.968867386	178.250501268	1347.30593933
331	17114.0809627	285.218019799	145.58053562	-50.4911101306	1397.9616976	191.748273236	178.118168431	1347.32213488
332	17113.891472	285.214859834	145.668622099	-50.6739214737	1398.21824366	191.70611953	178.048952548	1347.4458987
333	17114.1886762	285.219810145	145.601507041	-50.8927494532	1398.35438428	191.633806408	178.113587412	1347.51371489
334	17115.1123623	285.235202541	145.349725009	-51.1292097736	1398.32262555	191.453728158	178.308204243	1347.46356575
335	17115.9422757	285.249034357	145.107702728	-51.3739846139	1398.29374655	191.326516753	178.553282791	1347.42005361
336	17116.0855278	285.251424184	145.028815447	-51.627347383	1398.42358177	191.432578174	178.799616965	1347.52417742
337	17115.8910371	285.248185813	145.013380135	-51.8960753229	1398.64247133	191.707553181	179.074107284	1347.73333283
338	17116.1722845	285.252875175	144.845325123	-52.1854735739	1398.75245541	191.885260798	179.390366257	1347.86257696
339	17117.0911076	285.268188307	144.493096772	-52.4899365749	1398.69787313	191.815178998	179.666541648	1347.82167187
340	17117.9340318	285.282234371	144.159504544	-52.7899859109	1398.64115966	191.665925613	179.803962814	1347.74183788
341	17118.0902271	285.284834639	144.007202681	-53.0600466011	1398.74459956	191.756569853	179.843398299	1347.82589537
342	17117.8906866	285.281507616	143.93573462	-53.2804459904	1398.95962791	192.208984143	179.965804857	1348.11018451
343	17118.1558043	285.285927395	143.721660314	-53.4407444566	1399.10923877	192.822247408	180.286701132	1348.43224001
344	17119.0697073	285.301162	143.335618891	-53.5292571036	1399.14183586	193.292098469	180.688273379	1348.62709577
345	17119.9257889	285.315432778	143.000154015	-53.5204311835	1399.19911249	193.500011323	180.926717848	1348.69288445
346	17120.0950807	285.318255134	142.90002515	-53.3795564272	1399.40128251	193.559361151	180.912055404	1348.73431436
347	17119.890433	285.314842688	142.933723897	-53.0902188651	1399.64983947	193.628626943	180.817914719	1348.79546302
348	17120.1392228	285.318986117	142.846407381	-52.6836070991	1399.7306468	193.752129965	180.874911968	1348.81774869
349	17121.0481406	285.334132271	142.568338927	-52.237950057	1399.5875007	193.886928891	181.100616757	1348.75795661
350	17121.9175471	285.348622141	142.300523425	-51.8389197104	1399.39510242	194.013387598	181.303124159	1348.67377771
351	17122.10011	285.351667029	142.230978214	-51.5311308471	1399.32765789	194.159475818	181.344803973	1348.64524753
352	17121.8902895	285.348173172	142.27024359	-51.3056843188	1399.33447712	194.335737192	181.32081048	1348.64870541
353	17122.1225267	285.352045827	142.172210019	-51.1364040445	1399.22747089	194.507660457	181.427511486	1348.57505605
354	17123.026386	285.367109725	141.879787122	-51.0262247093	1398.96053685	194.652488797	181.707107047	1348.37805271
355	17123.9093067	285.381822484	141.620397876	-51.0117257501	1398.7157769	194.806026612	182.010850454	1348.14482972
356	17124.105337	285.385086628	141.610288897	-51.1198609351	1398.67203672	195.021228687	182.221958532	1347.97994978
357	17123.8902697	285.38150068	141.763265129	-51.3294280111	1398.76646602	195.30081503	182.429751655	1347.85492251
358	17124.1057017	285.385092214	141.806198459	-51.5902106724	1398.77528441	195.610335578	182.818138497	1347.63330042
359	17125.0044205	285.400073688	141.658251675	-51.8853548139	1398.60910193	195.955603208	183.422797048	1347.24712769
360	17125.9010677	285.415020627	141.564170943	-52.2621605287	1398.4242599	196.403998328	184.090068113	1346.79025185
361	17126.1107854	285.418516902	141.787037144	-52.7823786402	1398.39719313	197.006081818	184.694979053	1346.39922149
362	17125.8903881	285.414842102	142.252383269	-53.4384115438	1398.46518651	197.726174346	185.321467238	1346.07602855
363	17126.088733	285.418144817	142.612265632	-54.1373345804	1398.38623998	198.491131937	186.157206395	1345.68562895
364	17126.98222	285.433033694	142.657404297	-54.7914796056	1398.04338926	199.301571383	187.242506865	1345.12766704
365	17127.8928303	285.448210129	142.558936957	-55.4294422825	1397.58973436	200.251137762	188.412299409	1344.45163103
366	17128.1164798	285.451939674	142.649884699	-56.1990795924	1397.24247088	201.417324303	189.510744025	1343.76662978
367	17127.8906601	285.448179164	143.045619752	-57.2399301585	1397.00080082	202.766597756	190.590771766	1343.075062
368	17128.0716047	285.451197067	143.577401257	-58.5506031655	1396.65744808	204.204599387	191.833062666	1342.25552625
369	17128.9597588	285.465999374	144.072202778	-59.99594583	1396.07585121	205.706341094	193.298875403	1341.2106853
370	17129.8845947	285.481410814	144.570113534	-61.4524883097	1395.35564306	207.349264137	194.852479081	1339.9733833
371	17130.1224468	285.485371953	145.20694348	-62.9350689362	1394.67307934	209.202954659	196.353478677	1338.63085405
372	17129.8911021	285.481514576	145.977838035	-64.5632394602	1394.02646317	211.227010508	197.851188281	1337.1814792
373	17130.0543	285.484235388	146.748701313	-66.4050483905	1393.23539786	213.319693705	199.514705205	1335.52594932
374	17130.9370096	285.498949974	147.502597362	-68.3778870607	1392.18617399	215.453279773	201.398187096	1333.59960028
375	17131.8763611	285.514608711	148.450756524	-70.3241944504	1390.98017185	217.710614683	203.367195656	1331.45382811
376	17132.1287146	285.518815734	149.816261563	-72.1790757844	1389.78383408	220.169884829	205.287902573	1329.17011921
377	17131.8917315	285.51486465	151.566967797	-74.0378716655	1388.59316987	222.791146331	207.215795798	1326.72993367
378	17132.0368008	285.51727948	153.469527258	-76.0445565516	1387.23921519	225.456828294	209.319722566	1324.02699038
379	17132.9139431	285.531895856	155.407164414	-78.2293958316	1385.62190827	228.112026512	211.645222944	1321.00556972
380	17133.8681296	285.547798398	157.534623004	-80.4847873011	1383.8418	230.820146427	214.050070518	1317.72735119
381	17134.1353133	285.552253382	160.053717068	-82.7075870992	1382.04242323	233.667704288	216.411293255	1314.26954942
382	17133.8925671	285.548210759	162.909544916	-84.9392304292	1380.18131903	236.651306947	218.82100841	1310.59957652
383	17134.0190876	285.550321711	165.824714615	-87.3329169521	1378.05258177	239.691095873	221.488670397	1306.60976471
384	17134.8905277	285.564845615	168.634503642	-89.9768802843	1375.54046561	242.736328401	224.46518903	1302.26755889
385	17135.8599006	285.580999441	171.471462326	-92.774924839	1372.76318927	245.813668737	227.56227048	1297.66262413
386	17136.1422757	285.585702602	174.544849408	-95.5287643741	1369.91051254	248.965241107	230.593073982	1292.86946866
387	17135.8936292	285.581556729	177.813354255	-98.1419646666	1366.99228524	252.17864044	233.625201818	1287.81220504
388	17136.0011397	285.583349262	181.008512719	-100.726583661	1363.83281769	255.404934742	236.902586061	1282.33545436
389	17136.8667296	285.597778442	184.000620499	-103.497533245	1360.30843426	258.620307475	240.523464123	1276.40614369
390	17137.8516742	285.614197118	187.024461629	-106.568548427	1356.4970051	261.830186957	244.293066884	1270.17243355
391	17138.1496369	285.619164441	190.443554386	-109.862896669	1352.53747758	265.019289566	247.953423986	1263.77919162
392	17137.8949396	285.61491827	194.33210529	-113.218557683	1348.4024802	268.143424628	251.501880952	1257.17027205
393	17137.9829344	285.616381909	198.403901842	-116.558660373	1343.90772641	271.186577245	255.188338093	1250.145156
394	17138.8425118	285.630705454	202.379226583	-119.944275877	1338.95167273	274.182240835	259.192978203	1242.60906748
395	17139.8434507	285.647387039	206.319672726	-123.473704807	1333.65399221	277.134094425	263.395552871	1234.69119366
396	17140.1574351	285.652621901	210.504032524	-127.162241579	1328.19264081	279.939282945	267.523287525	1226.57034447
397	17139.8965221	285.648276482	215.007284687	-130.940371201	1322.55041217	282.456094947	271.476301493	1218.23660134
398	17139.9644471	285.649410955	219.52115097	-134.757313082	1316.51014121	284.662173945	275.414606172	1209.5109916
399	17140.8178344	285.663634144	223.649184636	-138.654269815	1309.9059474	286.678312995	279.514513832	1200.30430237
400	17141.8352304	285.680588462	227.325719249	-142.715500553	1302.79769387	288.572725378	283.724724965	1190.76769111
401	17142.1657119	285.686093379	230.873688342	-146.955104483	1295.34838109	290.177760755	287.826805531	1181.11894419
402	17141.8984025	285.681636327	234.659500274	-151.274935247	1287.58982387	291.204096925	291.693221587	1171.36043866
403	17141.945651	285.682424335	238.747280457	-155.546825829	1279.40318655	291.580657406	295.397264357	1161.26683134
404	17142.7926538	285.696543648	242.892125443	-159.728738292	1270.72972516	291.608283817	299.059503289	1150.68327262
405	17143.8270136	285.713785954	246.8001069	-163.885131765	1261.70023587	291.678287422	302.673749906	1139.76810716
406	17144.1745128	285.719579031	250.346376005	-168.09007115	1252.48505488	291.837742401	306.153553318	1128.87063214
407	17143.9006091	285.715012905	253.583970135	-172.323250326	1243.0640625	291.719137631	309.506190085	1118.18919999
408	17143.9265167	285.715441817	256.618842666	-176.47594923	1233.24443666	290.944243612	312.857102348	1107.62425151
409	17144.766922	285.729445751	259.484983012	-180.459479154	1222.92615948	289.532606046	316.27082075	1096.98352004
410	17145.8188005	285.746976169	262.080116511	-184.292637353	1212.27356355	287.829646198	319.624387405	1086.253978
411	17146.1838876	285.753062603	264.198420135	-188.066383442	1201.56362923	286.062140784	322.739978509	1075.59681831
412	17145.903173	285.748387134	265.69345225	-191.820171414	1190.90178849	284.086675595	325.627069331	1065.10399887
413	17145.9070121	285.748453615	266.682334845	-195.466173711	1180.16187113	281.632214824	328.508480954	1054.66434488
414	17146.7405866	285.762346754	267.553518604	-198.85289789	1169.20484612	278.693691589	331.566261773	1044.12645812
415	17147.8105916	285.780178003	268.648612506	-201.913698671	1158.07682589	275.549160154	334.710470396	1033.54381231
416	17148.1938911	285.786563211	269.865315573	-204.751823209	1146.94832871	272.385484755	337.661910953	1023.1770427
417	17147.9061284	285.781765145	270.636453626	-207.570621283	1135.92167395	269.043155246	340.256196497	1013.24213627
418	17147.8871017	285.781448409	270.410942422	-210.507537752	1124.98684767	265.229068541	342.610280703	1003.7111517
419	17148.7135895	285.795225715	269.181622573	-213.522340099	1114.15508555	260.915128135	344.972374859	994.391948905
420	17149.8023873	285.813375356	267.479528526	-216.435788511	1103.52774575	256.389392539	347.455735213	985.163925481
421	17150.2045842	285.820080201	265.821545389	-219.074514094	1093.1658875	251.89517943	349.95983635	976.083562071
422	17149.9095131	285.815161441	264.22726188	-221.389964493	1082.95241286	247.348845782	352.319219177	967.272622064
423	17149.866746	285.814445843	262.336184283	-223.45971658	1072.69067709	242.513398321	354.461169625	958.767485741
424	17150.6858665	285.828094963	259.935243426	-225.394718778	1062.35336083	237.374134743	356.407962748	950.506511303
425	17151.7941879	285.846565937	257.230901656	-227.250311652	1052.14342068	232.1795833	358.192962268	942.422146586
426	17152.2160338	285.853598208	254.556651993	-229.012544224	1042.24517054	227.07838468	359.835168849	934.498488298
427	17151.9133692	285.848556871	251.929586031	-230.647758422	1032.56966622	221.869640064	361.37264329	926.762297354
428	17151.8459016	285.847435007	249.034983247	-232.150046736	1022.84582929	216.265429088	362.848420054	919.285300413
429	17152.6573463	285.86095948	245.636643577	-233.539731386	1012.97195513	210.359589686	364.238459172	912.210401364
430	17153.7859941	285.879768227	241.861983585	-234.823736511	1003.18490391	204.653958465	365.442357254	905.703700957
431	17154.2283151	285.887137125	238.006433128	-235.964669842	993.818659373	199.522931982	366.393608081	899.801204919
432	17153.9177433	285.88195879	234.153802211	-236.891447923	984.94983208	194.746060447	367.160286954	894.30707482
433	17153.8245196	285.88040528	230.135896576	-237.542069261	976.374523013	189.712715717	367.883831437	888.916981353
434	17154.627949	285.893798181	225.867289738	-237.90037197	967.928413041	184.08918121	368.611729067	883.49069599
435	17155.7778063	285.912965506	221.56894776	-237.996541998	959.719462787	178.160889332	369.23983265	878.179901961
436	17156.2415115	285.920695627	217.550655511	-237.875331998	951.973986628	172.463878349	369.648829573	873.247804941
437	17155.9226879	285.915381148	213.836217077	-237.564631188	944.718446722	167.188833071	369.85682265	868.775972626
438	17155.8025457	285.91337604	210.141529546	-237.073812592	937.729516261	162.075026101	369.981237165	864.594138478
439	17156.5975856	285.926623759	206.241822402	-236.418529165	930.810921427	156.845479439	370.065060004	860.497029699
440	17157.7696251	285.946156544	202.237995234	-235.638695633	924.014939119	151.562299943	370.01795403	856.465361341
441	17158.2557171	285.954259435	198.372717815	-234.782969656	917.516140512	146.459018906	369.766815301	852.627260953
442	17157.9282617	285.948804878	194.660957427	-233.873462208	911.329789641	141.543355843	369.404860306	849.046592953
443	17157.7799184	285.94633518	190.845595388	-232.894645239	905.274799825	136.55222052	369.106446324	845.639385401
444	17158.5661556	285.95943969	186.732729403	-231.829712832	899.230135654	131.32072748	368.894531523	842.322395482
445	17159.7614513	285.97935936	182.435438112	-230.710680054	893.31798636	126.040085344	368.578842934	839.1690324
446	17160.2710377	285.987849354	178.187168783	-229.619945794	887.74819694	121.03309751	367.982796028	836.339450509
447	17159.934531	285.982238657	173.993285583	-228.624585188	882.536389747	116.346588807	367.18564093	833.871678595
448	17159.7565688	285.97927268	169.624671045	-227.702673711	877.493449305	111.716820914	366.454270996	831.624169402
449	17160.5335454	285.992224598	164.981534142	-226.744866457	872.509386783	106.953324829	365.928499411	829.460634964
450	17161.7532857	286.012556658	160.320523216	-225.644975201	867.73606317	102.21288703	365.455422062	827.434279436
451	17162.2875931	286.021463611	155.998391509	-224.396900492	863.400816859	97.7889312952	364.79094233	825.72023677
452	17161.9415709	286.015695984	152.046070141	-223.099549473	859.493993979	93.7116890822	363.913475822	824.381295122
453	17161.7324183	286.012207454	148.145908166	-221.862155944	855.761435634	89.7185084146	363.045734076	823.27853376
454	17162.4996263	286.024991256	144.063908347	-220.705795589	852.023417811	85.6442510937	362.360354749	822.244881925
455	17163.745129	286.045748274	139.974490657	-219.5595203	848.387993177	81.6960075346	361.758397769	821.286012675
456	17164.3055194	286.055089318	136.244654195	-218.347678988	845.061336941	78.223261373	361.009771541	820.539252425
457	17163.949467	286.049158096	132.96076181	-217.071032553	842.011304239	75.2822792302	360.063770598	820.052729009
458	17163.7073777	286.045126052	129.826310372	-215.799435298	838.954659299	72.5831936535	359.115704869	819.691224236
459	17164.4642515	286.057741335	126.563691073	-214.594507445	835.704075554	69.8964071082	358.345831552	819.298908678
460	17165.7369824	286.078951718	123.280120766	-213.450589788	832.410699634	67.3720931284	357.684366254	818.894485489
461	17166.3249723	286.088748452	120.313295045	-212.309286079	829.363672265	65.3417057383	356.915487136	818.628207463
462	17165.9583169	286.082635172	117.777924782	-211.116831402	826.605395482	63.8714114587	355.974111939	818.557279931
463	17165.6813447	286.078018869	115.432703327	-209.857089232	823.880649839	62.6726910643	355.033276493	818.548251797
464	17166.4272527	286.090452867	113.041262967	-208.537740915	820.993814918	61.4887960355	354.26930093	818.444406626
465	17167.7288469	286.112149168	110.723113633	-207.165941234	818.094219462	60.4297330954	353.629719199	818.273535252
466	17168.3461305	286.122439183	108.807378205	-205.749709121	815.501206282	59.8021414614	352.92094616	818.212511046
467	17167.9682332	286.116140465	107.38794544	-204.314051757	813.302419426	59.6706907201	352.093391248	818.352578433
468	17167.6542015	286.110904043	106.191667533	-202.896914283	811.267759124	59.7508373067	351.331227094	818.578453452
469	17168.388436	286.123138244	104.943129551	-201.521174921	809.191733463	59.7750927425	350.81986866	818.719802491
470	17169.7207239	286.145341531	103.726575465	-200.178225065	807.190283459	59.8267673484	350.503040113	818.76740338
471	17170.3692004	286.15615052	102.847258193	-198.848334493	805.53843968	60.185618989	350.156159986	818.865883444
472	17169.9793456	286.149655869	102.382681092	-197.534568825	804.266862378	60.9065807174	349.675745984	819.103662244
473	17169.6258121	286.143766501	102.044698913	-196.26642804	803.075501247	61.721470213	349.197342272	819.391782395
474	17170.3475768	286.155796791	101.549865225	-195.067267708	801.697382069	62.4039557402	348.893333658	819.589935748
475	17171.712615	286.178545764	100.994137422	-193.927880616	800.22818266	63.0898079567	348.734976746	819.694081077
476	17172.3944215	286.189906128	100.714261663	-192.822676828	798.974784586	64.097301062	348.540048572	819.82400707
477	17171.9918053	286.183193402	100.818794317	-191.749851623	798.027173772	65.4826728304	348.227721932	820.038968785
478	17171.5960179	286.17659669	101.028799735	-190.743586913	797.136837384	66.9431291882	347.921643889	820.252091777
479	17172.3044133	286.188405363	101.049329076	-189.839769568	796.067197892	68.2141496256	347.763444081	820.367751829
480	17173.704522	286.21174357	100.965897283	-189.03617951	794.932208684	69.4281780404	347.707082838	820.440456375
481	17174.4220736	286.223704838	101.123165348	-188.29757614	794.049609394	70.9439354636	347.588871052	820.615395585
482	17174.0057888	286.216766494	101.65255221	-187.601611238	793.500842241	72.8727345767	347.375781135	820.922221121
483	17173.5646332	286.209411439	102.299755008	-186.970153171	793.002001734	74.9421217632	347.236217527	821.215624096
484	17174.2586387	286.220975122	102.792118548	-186.446596575	792.275106709	76.8762407686	347.319648435	821.362788159
485	17175.6964469	286.244936933	103.239028789	-186.043906667	791.423302897	78.7644854944	347.542287577	821.426997881
486	17176.4524861	286.257538474	104.005678699	-185.722538624	790.797133741	80.9092288999	347.680270383	821.585178097
487	17176.0215044	286.250358311	105.223762002	-185.421943586	790.526608837	83.367921765	347.65306465	821.880645882
488	17175.5314392	286.242193488	106.610818343	-185.10897852	790.352498794	85.8359326833	347.613366309	822.153045666
489	17176.2098902	286.253502041	107.855346704	-184.792447957	789.987306039	88.0498316467	347.7197947	822.255978027
490	17177.6883922	286.278142212	109.046428425	-184.496319379	789.513487563	90.1611233215	347.903592484	822.271141323
491	17178.4860488	286.291433441	110.555821166	-184.228390002	789.271993304	92.5509822301	347.950257212	822.414483999
492	17178.0391988	286.283983394	112.52689182	-183.976523315	789.390365259	95.3180444604	347.78373378	822.745268569
493	17177.4961757	286.2749326	114.66973236	-183.725822519	789.597840033	98.1335077968	347.561012928	823.072932067
494	17178.1577366	286.285960575	116.649324742	-183.469462973	789.587055596	100.671448115	347.447643764	823.204594568
495	17179.6803609	286.3113407	118.53913828	-183.203807111	789.431185688	103.037826848	347.38781217	823.211594639
496	17180.523227	286.325390653	120.715039658	-182.923388214	789.481848194	105.615436348	347.189770525	823.350738085
497	17180.0591671	286.317656222	123.328484559	-182.628254869	789.881726056	108.535585323	346.805530757	823.733025509
498	17179.4585313	286.307643274	126.079970199	-182.333168225	790.36050963	111.498760623	346.409108199	824.180732278
499	17180.1016603	286.318358991	128.607318766	-182.061076958	790.602434394	114.18780669	346.159478946	824.47114357
500	17181.6723566	286.344535458	130.957876866	-181.823817539	790.688045693	116.699846804	345.982479025	824.644416847
501	17182.564581	286.359406587	133.493489743	-181.612718971	790.999519975	119.396869175	345.685492664	824.957039237
502	17182.0817652	286.351362452	136.358115221	-181.412151342	791.706398811	122.386073707	345.245592486	825.53353136
503	17181.4181297	286.340304859	139.248630417	-181.220878082	792.528817234	125.36753735	344.850568913	826.180153903
504	17182.0410351	286.350687806	141.817337922	-181.05560926	793.106590834	128.079967018	344.611924355	826.616473475
505	17183.6643835	286.377742222	144.155098614	-180.93231346	793.477298596	130.720129926	344.352165635	826.825013365
506	17184.6107913	286.393512674	146.675060765	-180.84730284	794.012878828	133.709929869	343.802561747	827.061296384
507	17184.1074263	286.385120625	149.537788549	-180.779547549	794.901654606	137.083404314	342.98249131	827.519931796
508	17183.374512	286.372904829	152.40786339	-180.710179428	795.88678067	140.339837293	342.238175689	828.105656417
509	17183.9750955	286.382916389	154.897037071	-180.63648287	796.622177654	143.025364036	341.839963164	828.602006392
510	17185.6564469	286.410941943	157.102835469	-180.566639728	797.155259076	145.309281627	341.639713126	828.984856143
511	17186.662693	286.427714998	159.496439938	-180.504417097	797.863996433	147.775456194	341.247908843	829.441312017
512	17186.1366829	286.418948232	162.290569399	-180.442062114	798.925824517	150.670582655	340.519590517	830.077263801
513	17185.3271127	286.405453162	165.141725707	-180.36719568	800.051947811	153.591474474	339.720596227	830.738381309
514	17185.9028963	286.415046441	167.604799507	-180.273250567	800.868382741	156.032348201	339.157334788	831.211648828
515	17187.6485532	286.444138775	169.733225391	-180.161317972	801.432085528	158.067737685	338.763842927	831.532201985
516	17188.7213223	286.462018812	172.004710112	-180.032701188	802.166369616	160.252097674	338.197585151	831.953002784
517	17188.1701979	286.452836123	174.664262118	-179.881285641	803.286218884	162.85976359	337.311810709	832.594072849
518	17187.2752265	286.437922995	177.380012714	-179.693994765	804.494405557	165.484670322	336.362852049	833.248856521
519	17187.8232554	286.447058155	179.691667587	-179.45954219	805.375703722	167.553444451	335.668553606	833.635379025
520	17189.6407105	286.47734782	181.644848319	-179.178285008	805.961795925	169.083150434	335.18072204	833.773568048
521	17190.7879817	286.496466037	183.734846753	-178.864054179	806.690963629	170.674076338	334.554869241	833.97549067
522	17190.2088062	286.486810405	186.221541715	-178.533978225	807.805405098	172.739435349	333.623575454	834.442651176
523	17189.2179625	286.47029564	188.751795725	-178.192738278	809.007266842	174.990261228	332.626037429	835.002142452
524	17189.7346755	286.478909228	190.823267521	-177.825496955	809.854485888	176.850553911	331.879165662	835.34214917
525	17191.632929	286.510549785	192.470262863	-177.408789037	810.364320041	178.234364337	331.346266337	835.438083622
526	17192.8643305	286.531075524	194.227220013	-176.931480513	810.993339276	179.643861881	330.705431882	835.594186785
527	17192.253575	286.520896502	196.400379731	-176.405231566	812.008379964	181.474570499	329.825897084	836.035757607
528	17191.1541786	286.502571125	198.636504199	-175.852541851	813.108214153	183.47986976	328.978453404	836.596266719
529	17191.6352307	286.51058554	200.39208448	-175.284406073	813.828117902	185.112022976	328.458898183	836.924697944
530	17193.6252218	286.543749969	201.676499561	-174.692011375	814.184370775	186.255436604	328.130410749	836.941445019
531	17194.9525169	286.56587193	203.048586582	-174.061189255	814.666617311	187.3445423	327.544257209	836.934239118
532	17194.3058907	286.555097461	204.853820356	-173.391549964	815.567871348	188.720860185	326.524417596	837.168371199
533	17193.0823859	286.534708838	206.739008294	-172.697041968	816.564148346	190.136542866	325.436431952	837.538044019
534	17193.5224019	286.542043933	208.121765161	-171.988330237	817.137834012	191.101624157	324.742775779	837.724535212
535	17195.6176062	286.57696289	208.986805682	-171.260349075	817.285358843	191.590431536	324.404880897	837.636615934
536	17197.055372	286.600922727	209.914591749	-170.501001345	817.537037179	192.109956179	323.931400882	837.530050028
537	17196.3675875	286.589456878	211.286473016	-169.708679192	818.240282792	193.013718588	323.02978966	837.649875929
538	17195.0006068	286.566673028	212.750992997	-168.894598521	819.076331766	194.007484918	322.001608585	837.894893259
539	17195.3928283	286.573211626	213.698533715	-168.066985606	819.485275216	194.550010387	321.346029371	837.966489765
540	17197.6101049	286.610169186	214.107000854	-167.219795983	819.435351249	194.611916878	321.094532456	837.788050202
541	17199.1767052	286.636281654	214.587347027	-166.343181343	819.479704521	194.733702667	320.772210237	837.605181244
542	17198.4411448	286.624022718	215.541711781	-165.44227254	820.00201722	195.275524154	320.044727294	837.626095598
543	17196.9061561	286.598437615	216.585652475	-164.536928976	820.675194119	195.887667824	319.178617338	837.712216823
544	17197.2419248	286.604030644	217.055425224	-163.63950948	820.891855649	195.961080017	318.684715923	837.566635772
545	17199.602749	286.643375482	216.930736458	-162.739566895	820.598483285	195.468569694	318.62172171	837.165894225
546	17201.3217662	286.672025963	216.895109946	-161.819019719	820.386593745	195.03133198	318.510018942	836.81908224
547	17200.5299978	286.658832369	217.412786254	-160.881765563	820.69086334	195.081176362	317.983811364	836.744975416
548	17198.7952935	286.629923816	218.072950155	-159.959034521	821.180557641	195.25084167	317.296074428	836.746311143
549	17199.063268	286.634391703	218.129745861	-159.07932802	821.196100578	194.856268293	316.977426359	836.457078032
550	17201.595582	286.676595953	217.532573305	-158.237612306	820.655803748	193.847465174	317.105917786	835.850867995
551	17203.4979969	286.708299984	217.025386918	-157.402954175	820.184729904	192.923784791	317.19436001	835.308614096
552	17202.6390472	286.693981328	217.134689024	-156.557650055	820.260764745	192.616209007	316.867399363	835.12437912
553	17200.6626492	286.661040402	217.413012562	-155.720939475	820.537693211	192.564326949	316.40231068	835.10882157
554	17200.8475731	286.664123908	217.009944723	-154.928465735	820.299254562	191.991238037	316.367238825	834.84318893
555	17203.5886666	286.709811683	215.836743659	-154.193405654	819.451268566	190.757205677	316.829438257	834.251785499
556	17205.7163081	286.745274897	214.727406089	-153.497321944	818.681570754	189.554762006	317.232554731	833.705180538
557	17204.7755331	286.729595893	214.32548431	-152.819967437	818.528037765	188.956398458	317.15224099	833.497291353
558	17202.5002289	286.691672363	214.19000354	-152.167673871	818.617119887	188.610576402	316.911236512	833.415780009
559	17202.580902	286.69301382	213.374767798	-151.563721838	818.153452117	187.712738274	317.174984974	833.022944347
560	17205.5820965	286.743031345	211.736134068	-151.015542562	817.032497317	186.13154889	318.032578852	832.282576411
561	17207.9933655	286.783219152	210.174314988	-150.50440562	816.038409533	184.630188431	318.823774709	831.653407723
562	17206.9506191	286.765842505	209.422213496	-150.012381329	815.795891097	183.834643013	319.006239824	831.477379172
563	17204.2955884	286.721595255	209.011025668	-149.549981604	815.881915273	183.350980708	318.918722199	831.486569015
564	17204.2413345	286.720692824	207.874245171	-149.145453885	815.358283355	182.284518491	319.365601373	831.139461971
565	17207.5760186	286.776270022	205.82631228	-148.808174437	814.059267162	180.489897324	320.520138669	830.366356996
566	17210.355955	286.822599439	203.880572069	-148.515757523	812.866989424	178.812531565	321.623661769	829.694734029
567	17209.1824622	286.803038357	202.88918078	-148.24549969	812.526484838	177.924689946	321.952386038	829.536952194
568	17206.0282432	286.750466994	202.321871754	-148.01092039	812.581722319	177.343536499	321.806598212	829.598497781
569	17205.7923098	286.74653609	200.919621533	-147.852707042	811.943319179	176.061363748	322.173721835	829.260311366
570	17209.5706762	286.809511644	198.428696072	-147.789628256	810.39575723	174.002297504	323.453876851	828.460200509
571	17212.8500228	286.864169965	196.042398173	-147.789277157	808.978093474	172.260653689	324.924985443	827.844786649
572	17211.5026925	286.84171522	194.833665091	-147.799273097	808.616343574	171.647798693	325.683723948	827.903857848
573	17207.6619392	286.777701088	194.242032961	-147.806559726	808.809227027	171.46662999	325.823828898	828.233755619
574	17207.167987	286.769465504	192.752359671	-147.85530062	808.229460324	170.303706255	326.265245389	828.003950848
575	17211.5665039	286.842771549	189.973044366	-148.000448739	806.542084154	167.933911558	327.459516868	827.088698141
576	17215.5614804	286.909354233	187.287622803	-148.249409034	804.967326738	165.760391854	328.750121139	826.323010765
577	17213.9717117	286.882860466	186.043791196	-148.557631533	804.687209755	165.024798137	329.301814896	826.429316786
578	17209.1259227	286.802100713	185.637206746	-148.880240279	805.166517869	165.085943382	329.333849597	826.997849479
579	17208.2367278	286.787282775	184.196618469	-149.218239738	804.759807888	164.182784004	329.891073318	826.965373955
580	17213.5643598	286.876075826	181.135839836	-149.608507863	802.954755825	161.832479999	331.369350362	826.06337485
581	17218.6714935	286.961191822	178.125883222	-150.074567319	801.223134715	159.636474869	332.831918848	825.281909512
582	17216.7208283	286.928677861	176.946539603	-150.597582943	801.12791016	159.199273465	333.203753389	825.584633159
583	17210.2613843	286.821019442	176.949153892	-151.13800398	802.091260839	159.811269534	332.824491218	826.508156886
584	17208.6922018	286.794867638	175.707106359	-151.678372916	801.970876424	159.166113036	333.145085934	826.632299434
585	17215.5661991	286.909436823	172.299788243	-152.23838986	799.955704993	156.456047393	334.765079118	825.48951532
586	17222.6376744	287.027297171	168.858684193	-152.850613927	797.928453656	153.73759466	336.428267923	824.378952057
587	17220.098171	286.984973095	167.925157054	-153.529033414	798.131851308	153.389393182	336.56910249	824.765347295
588	17210.6247014	286.827080781	168.813052909	-154.26351171	799.953705117	154.732359378	335.556701101	826.187749801
589	17207.6251833	286.777085913	168.054512119	-155.038096678	800.31839156	154.507759918	335.497104111	826.588053888
590	17217.5775955	286.942956497	163.97101446	-155.846511115	797.732181533	151.153724686	337.456427553	824.998882967
591	17229.0310935	287.133847345	159.534697942	-156.689325032	794.826571526	147.432291976	339.647478428	823.179166445
592	17225.4134253	287.073555241	159.061052674	-157.563879239	795.437197592	147.338199309	339.404135631	823.657428956
593	17208.3630304	286.789385973	162.143792976	-158.46510901	799.213717295	150.504099982	336.934985996	826.202737829
594	17200.7145186	286.661913177	162.839151017	-159.395983288	800.861465668	151.470755635	335.896178792	827.354123633
595	17219.6224147	286.977043517	156.630739197	-160.365671408	796.312012094	146.088650142	339.114210739	824.454041549
596	17248.5292484	287.458820312	147.793321666	-161.358951472	789.325311118	138.252887622	343.976079093	819.934418913
597	17244.3545806	287.38923976	147.681800715	-162.292052835	790.085996759	138.338975634	343.431655843	820.407833528
598	17179.0308413	286.30051157	164.020426053	-162.999489442	805.744537848	153.454107829	332.665797831	830.570586737
599	17072.9438754	284.532398849	192.072758627	-163.288974675	832.472006363	179.406491844	314.673287766	848.09309888
