	RHX	RHY	RHZ	LHX	LHY	LHZ
0	297.353859528	-177.369860714	789.619985232	253.484479865	247.235116001	788.297170122
1	303.445842099	-177.453445833	789.7124805	249.48332945	245.243339012	783.259385662
2	309.465532722	-176.479840706	789.817926809	251.28130144	247.918288068	777.528541396
3	315.059872601	-174.452408608	788.903402728	255.104070643	251.045034045	772.638166985
4	319.993034993	-171.804075684	786.597763981	259.172798252	254.270845989	767.999486772
5	324.148912869	-168.982835236	783.135572772	263.689504372	257.622023775	763.911948507
6	327.707326218	-166.119844816	779.123077995	268.695758345	260.900886532	760.351054323
7	330.966987038	-163.834933871	774.536984952	274.181461515	263.833028823	757.205108405
8	334.208317201	-162.171280592	769.665604075	280.01512374	266.212827045	754.287160881
9	337.498460962	-161.048244779	764.648448026	286.15999158	268.028254861	751.556639907
10	340.868374921	-160.322519036	759.622601391	292.42317023	269.478346568	748.867885436
11	344.390749911	-159.752692817	754.688176542	298.740769224	270.640736111	746.17059927
12	348.086868206	-159.268701092	749.873050676	305.049031262	271.65183269	743.404256213
13	351.956729809	-158.870543862	745.177223795	311.337275343	272.534488387	740.558716723
14	355.981920325	-158.633842803	740.597963503	317.605501465	273.288703201	737.633980801
15	360.118952689	-158.73718457	736.128817029	323.853709631	273.914477133	734.630048446
16	364.365521961	-159.219758317	731.78616649	330.082196979	274.411604684	731.547780835
17	368.717982842	-160.326155959	727.698669182	336.31493767	274.763505563	728.456660197
18	373.169988855	-162.09735045	723.891827704	342.567113071	274.95968049	725.400685369
19	377.608220737	-164.320249703	720.333788755	348.838723181	275.000129464	722.379856353
20	381.988054698	-166.910940569	717.012008883	355.130158948	274.885752764	719.395323642
21	386.309490738	-169.869423048	713.926488087	361.462040268	274.664034132	716.507768233
22	390.554211491	-173.152040888	711.02902384	367.84604818	274.361872805	713.751565523
23	394.673292694	-176.642191632	708.190870935	374.282182686	273.979268783	711.126715513
24	398.664070215	-180.333525786	705.405018655	380.762260625	273.496922917	708.622754274
25	402.546056523	-184.205614988	702.69014632	387.266418415	272.86798896	706.214281945
26	406.389086575	-188.185346309	700.113107058	393.793130426	272.090237302	703.901660825
27	410.199388236	-192.266199556	697.679862813	400.332941723	271.161704841	701.70717499
28	413.976961504	-196.44817473	695.390413585	406.882699192	270.081736904	699.638255922
29	417.721806381	-200.731271829	693.244759375	413.48476387	268.921166441	697.805285506
30	421.433922865	-205.115490855	691.242900183	420.197168087	267.779460262	696.360781421
31	425.113310957	-209.600831807	689.384836008	426.729828156	266.191431768	694.559848749
32	428.759970657	-214.187294686	687.670566851	433.247393838	264.414546929	692.85836288
33	432.361610303	-218.874311819	686.10503745	439.846554707	262.623447856	691.527815819
34	435.876818672	-223.659970692	684.704906881	446.381011395	260.641333849	690.200079024
35	439.302224662	-228.544115616	683.471531283	452.90354845	258.490923927	689.070536243
36	442.637828273	-233.526746591	682.404910656	459.408350231	256.184108465	688.12297738
37	445.883629505	-238.607863616	681.505045	465.863491733	253.723973589	687.250003142
38	449.008316766	-243.790973806	680.767270342	472.268810809	251.110534975	686.451068041
39	451.978551574	-249.079811297	680.186620793	478.613406624	248.334786868	685.738631351
40	454.794325796	-254.474377003	679.763095143	484.886106356	245.387498811	685.125463217
41	457.444454981	-259.973060289	679.491556532	491.086909581	242.268670454	684.611564123
42	459.85659305	-265.565442857	679.338777438	497.2158163	238.978301797	684.196934069
43	462.017764785	-271.249656191	679.298798528	503.268954118	235.518112921	683.875863839
44	463.927970185	-277.025700293	679.371619801	509.218874878	231.900296036	683.607885589
45	465.587209252	-282.893575161	679.557241257	515.060221453	228.127230727	683.385101104
46	466.982475023	-288.835880909	679.835265918	520.792993842	224.198916994	683.207510386
47	468.09105415	-294.822233065	680.170075653	526.417192045	220.115354837	683.075113434
48	468.912531796	-300.852076683	680.56101993	531.932816062	215.876544256	682.987910248
49	469.449800865	-306.921984557	681.005815119	537.339673895	211.482646179	682.945882146
50	469.734984022	-312.993901199	681.479103925	542.625511829	206.943931332	682.94783676
51	469.77699679	-319.057264453	681.973848529	547.783010117	202.266534922	682.993061832
52	469.575839168	-325.112074319	682.490048931	552.81216876	197.45045695	683.081557362
53	469.131511157	-331.158330798	683.027705132	557.712987757	192.495697417	683.213323349
54	468.448234374	-337.1929452	683.581460152	562.48544604	187.402375861	683.388322659
55	467.547866876	-343.199925375	684.123577435	567.125416724	182.193907459	683.599281219
56	466.433528493	-349.176988743	684.650098105	571.629813915	176.887800997	683.840759813
57	465.105219227	-355.124135302	685.161022161	575.998637612	171.484056476	684.112758442
58	463.574083278	-361.035464965	685.653355931	580.231887817	165.982673895	684.415277106
59	461.884046063	-366.887722244	686.115299712	584.329564528	160.383653255	684.748315804
60	460.039596703	-372.678530459	686.54564759	588.291667746	154.686994554	685.111874538
61	458.040735199	-378.40788961	686.944399564	592.118197471	148.892697794	685.505953306
62	455.88746155	-384.075799696	687.311555635	595.818354522	143.011358824	685.92116904
63	453.579775757	-389.682260719	687.647115803	599.406858658	137.059929218	686.342510413
64	451.117677818	-395.227272677	687.951080067	602.883902586	131.038630899	686.7697809
65	448.501167735	-400.710835571	688.223448428	606.249486306	124.947463868	687.202980503
66	445.730245507	-406.132949401	688.464220885	609.503609816	118.786428125	687.642109222
67	442.804911134	-411.493614167	688.673397439	612.646234681	112.555743903	688.087089709
68	439.726002216	-416.792122235	688.850869856	615.674281045	106.273057805	688.531724543
69	436.517815707	-422.00794667	688.993498489	618.585801785	99.9495262284	688.972095633
70	433.19155673	-427.131620984	689.099835415	621.380796903	93.5851491742	689.408202979
71	429.747225283	-432.16314518	689.169880634	624.059266397	87.1799266424	689.840046583
72	426.184821366	-437.102519256	689.203634147	626.621210268	80.7338586328	690.267626443
73	422.50434498	-441.949743212	689.201095953	629.066628515	74.2469451455	690.69094256
74	418.705796125	-446.704817049	689.162266052	631.39552114	67.7191861805	691.109994934
75	414.791039013	-451.368412833	689.09067388	633.607888141	61.1505817378	691.524783565
76	410.777191691	-455.94670178	689.018728316	635.703729519	54.5411318174	691.935308453
77	406.668394773	-460.441176621	688.954268608	637.683045273	47.8908364192	692.341569597
78	402.464648259	-464.851837356	688.897294755	639.545835405	41.1996955433	692.743566998
79	398.165952149	-469.178683984	688.847806759	641.292099913	34.4677091897	693.141300656
80	393.772306442	-473.421716505	688.805804619	642.921838798	27.6948773584	693.534770571
81	389.294299521	-477.579898029	688.777283333	644.434938686	20.8813294378	693.924007947
82	384.748401095	-481.651615722	688.771567824	645.817658585	14.0427474719	694.312794811
83	380.134802283	-485.636850869	688.788766303	647.060517876	7.18995131291	694.70374058
84	375.453503084	-489.53560347	688.828878768	648.163516556	0.322940960779	695.096845253
85	370.7045035	-493.347873524	688.891905221	649.126654628	-6.55828358446	695.49210883
86	365.887803529	-497.073661032	688.977845661	649.94993209	-13.4537223228	695.889531311
87	361.003403173	-500.712965994	689.086700088	650.633348943	-20.3633752543	696.289112696
88	356.051302431	-504.265788409	689.218468502	651.176905187	-27.2872423789	696.690852986
89	351.033052816	-507.729411925	689.368215658	651.580600821	-34.2253236965	697.094752179
90	345.953385065	-511.095554082	689.520893453	651.84864058	-41.1724708335	697.498775177
91	340.812626755	-514.363641366	689.675459886	651.987485759	-48.1207724257	697.899794695
92	335.610777885	-517.533673775	689.831914957	651.997207361	-55.0701415371	698.297776368
93	330.347838457	-520.60565131	689.990258667	651.877805385	-62.0205781677	698.692720198
94	325.02380847	-523.579573972	690.150491015	651.629279832	-68.9720823175	699.084626183
95	319.638687924	-526.455441759	690.312612001	651.251630701	-75.9246539865	699.473494324
96	314.199212101	-529.232804415	690.473921487	650.742919446	-82.8698320843	699.87840302
97	308.718703605	-531.910771314	690.629078511	650.09919362	-89.7903655528	700.338250631
98	303.197522307	-534.489318399	690.777938801	649.320337107	-96.6857475818	700.854179935
99	297.635668206	-536.968445671	690.920502359	648.406349907	-103.555978171	701.426190931
100	292.033141303	-539.348153129	691.056769184	647.35723202	-110.401057321	702.054283619
101	286.389941598	-541.628440773	691.186739276	646.172983446	-117.220985031	702.738457999
102	280.706069089	-543.809308603	691.310412635	644.853604185	-124.015761302	703.478714071
103	274.981523779	-545.890756619	691.427789262	643.399094237	-130.785386132	704.275051835
104	269.216305666	-547.872784821	691.538869156	641.799641957	-137.519380566	705.115411341
105	263.41041475	-549.75539321	691.643652318	640.04010042	-144.201567501	705.981174793
106	257.568247862	-551.537842101	691.747823369	638.120299671	-150.831765423	706.872133294
107	251.70271017	-553.217960445	691.868067291	636.04023971	-157.409974333	707.788286844
108	245.814638293	-554.795607498	692.00546574	633.799920538	-163.936194229	708.729635441
109	239.904032229	-556.270783258	692.160018714	631.399342154	-170.410425112	709.696179087
110	233.970891978	-557.643487727	692.331726213	628.860413843	-176.830106473	710.688921601
111	228.015217542	-558.913720903	692.520588238	626.211579856	-183.191914068	711.709166216
112	222.037008918	-560.081482787	692.726604789	623.452957676	-189.495834167	712.756918313
113	216.036266109	-561.14677338	692.949775865	620.584547306	-195.74186677	713.832177895
114	210.015232913	-562.107047821	693.190526118	617.606348743	-201.930011877	714.93494496
115	203.982075134	-562.953044673	693.450400973	614.518361989	-208.060269488	716.065219508
116	197.937538968	-563.683917619	693.72954165	611.320587043	-214.132639603	717.22300154
117	191.881624414	-564.299666661	694.02794815	608.013023905	-220.147122222	718.408291056
118	185.814331472	-564.800291798	694.345620473	604.59750709	-226.100187399	719.626564523
119	179.735948308	-565.186501081	694.683903911	601.081878505	-231.976745859	720.901231913
120	173.65821543	-565.487142211	695.097608904	597.46702977	-237.775081956	722.234954933
121	167.587267049	-565.717287599	695.615372935	593.752960886	-243.495195691	723.627733581
122	161.522406285	-565.873134966	696.224493249	589.939671853	-249.137087063	725.079567859
123	155.45833448	-565.925774043	696.828385658	586.02716267	-254.700756073	726.590457766
124	149.39395178	-565.869203858	697.407001958	582.015433339	-260.18620272	728.160403301
125	143.330933923	-565.654562099	697.9379463	577.910967924	-265.586724797	729.780917944
126	137.273095695	-565.170614653	698.37023497	573.72024348	-270.895627343	731.443524349
127	131.220584968	-564.413049705	698.701891665	569.443260007	-276.112910359	733.148222517
128	125.180386959	-563.545335108	699.055339179	565.080017505	-281.238573845	734.895012448
129	119.159490103	-562.731014147	699.553056793	560.630515974	-286.272617801	736.683894142
130	113.157680819	-561.959036721	700.186106856	556.094755414	-291.215042226	738.514867598
131	107.171494156	-561.050136629	700.809493493	551.472735825	-296.065847122	740.387932817
132	101.199715815	-559.941489592	701.372402546	546.764457207	-300.825032486	742.303089798
133	95.2455911409	-558.649285624	701.884553845	541.96991956	-305.492598321	744.260338542
134	89.3233171458	-557.244349138	702.388467514	537.096253736	-310.067117582	746.255229172
135	83.4345557954	-555.734971157	702.889121152	532.155533749	-314.54617399	748.280227123
136	77.5793070895	-554.121151681	703.386514756	527.147956998	-318.929728041	750.335209209
137	71.7575710283	-552.402890711	703.880648328	522.073523485	-323.217779735	752.420175432
138	65.9693476118	-550.580188246	704.371521868	516.932233209	-327.410329071	754.53512579
139	60.2146368399	-548.653044287	704.859135375	511.72408617	-331.50737605	756.680060284
140	54.4934387126	-546.621458833	705.343488849	506.449082648	-335.508920256	758.854978353
141	48.8057532299	-544.485431884	705.824582292	501.110578568	-339.40996093	761.053121864
142	43.1515803919	-542.244963441	706.302415701	495.711809434	-343.205676763	763.267975195
143	37.5309201986	-539.900053504	706.776989078	490.252775246	-346.896067755	765.499538346
144	31.9509777582	-537.45370614	707.241322243	484.733476002	-350.481133905	767.747811318
145	26.4225458392	-534.910421241	707.684959354	479.153911704	-353.960875215	770.012794111
146	20.9457296406	-532.270242669	708.107798498	473.514082352	-357.335291682	772.294486724
147	15.5205291625	-529.533170424	708.509839674	467.813987944	-360.604383309	774.592889158
148	10.1469444048	-526.699204506	708.891082881	462.053628482	-363.768150094	776.908001412
149	4.82083835829	-523.774731464	709.268716626	456.234587632	-366.825375056	779.239743835
150	-0.471843732549	-520.781448473	709.701135805	450.368317178	-369.767257976	781.587540448
151	-5.73208753827	-517.720952427	710.192676284	444.457092365	-372.592050421	783.951276815
152	-10.9357040635	-514.566404389	710.676414761	438.500913194	-375.299752392	786.330952936
153	-16.0655687511	-511.298803782	711.104973002	432.499779665	-377.890363889	788.726568812
154	-21.1216816012	-507.918150606	711.478351005	426.453691777	-380.363884912	791.138124442
155	-26.1040426137	-504.42444486	711.796548772	420.36418123	-382.717805223	793.567735488
156	-31.0126518768	-500.817686747	712.059566639	414.241477895	-384.935359503	796.029531991
157	-35.8592633845	-497.124731134	712.312191317	408.08747263	-387.013448905	798.526125703
158	-40.655502892	-493.372139896	712.598720887	401.902165435	-388.952073427	801.057516622
159	-45.4013703991	-489.559913033	712.919155347	395.687313485	-390.751688563	803.625233651
160	-50.096865906	-485.688050545	713.273494699	389.448263842	-392.41368037	806.23392922
161	-54.7419894109	-481.756552431	713.661738941	383.1853855	-393.938144499	808.883924388
162	-59.3292201937	-477.761355314	714.07961874	376.898701631	-395.324938213	811.575199647
163	-63.8510518066	-473.698403529	714.522872867	370.596954113	-396.520210197	814.300395661
164	-68.2969808174	-469.555728383	714.954501825	364.287239627	-397.480243823	817.053538102
165	-72.6230226796	-465.283209351	715.219565206	357.969558173	-398.20503909	819.834626971
166	-76.8254386508	-460.876477639	715.304246602	351.636751309	-398.706509266	822.64257926
167	-80.9604883537	-456.394249665	715.374607406	345.263296532	-399.027129588	825.473533643
168	-85.0594846719	-451.869205711	715.523073782	338.888232703	-399.146451228	828.346821735
169	-89.1079706304	-447.29532019	715.722763813	332.573852932	-399.027951634	831.292116451
170	-93.0726640518	-442.658721275	715.911791198	326.320784707	-398.671262906	834.309716691
171	-96.9522408025	-437.958857075	716.087693787	320.129028029	-398.076385046	837.399622454
172	-100.746700883	-433.195727589	716.25047158	313.998582899	-397.243318053	840.561833743
173	-104.456044292	-428.369332819	716.400124577	307.929449316	-396.172061926	843.796350555
174	-108.080271031	-423.479672763	716.536652778	301.923257377	-394.863020318	847.102662177
175	-111.619381099	-418.526747423	716.660056183	296.013944856	-393.324597019	850.470135805
176	-115.073374497	-413.510556797	716.770334791	290.215037315	-391.560141278	853.894533838
177	-118.442251224	-408.431100886	716.867488604	284.526534753	-389.569653095	857.375856279
178	-121.722228773	-403.288958234	716.961676068	278.948437172	-387.35313247	860.914103125
179	-124.899027372	-398.086312969	717.091247492	273.488944331	-384.915808377	864.514417432
180	-127.971272014	-392.823375403	717.259895649	268.205379604	-382.294235842	868.212753576
181	-130.938962699	-387.500145535	717.467620539	263.108792424	-379.49546107	872.016041983
182	-133.802099427	-382.116623366	717.714422162	258.199182792	-376.519484062	875.924282653
183	-136.560682198	-376.672808895	718.000300518	253.476550708	-373.366304818	879.937475587
184	-139.213092122	-371.169824834	718.328184959	248.940896172	-370.035923337	884.055620784
185	-141.735494922	-365.624200422	718.741203173	244.592485106	-366.530295665	888.27962093
186	-144.11998505	-360.041418214	719.253660107	240.4629011	-363.081740194	892.716687568
187	-146.366562506	-354.42147821	719.865555761	236.584365212	-359.716072861	897.359178433
188	-148.475227291	-348.764380409	720.576890134	233.014949661	-355.693950846	901.757881615
189	-150.445979403	-343.070124811	721.387663227	229.710480888	-351.398737958	906.177707293
190	-152.278818844	-337.338711418	722.29787504	226.607496896	-347.408338385	911.000844371
191	-153.973745612	-331.570140227	723.307525572	223.71061796	-343.462534781	915.968556777
192	-155.515790777	-325.777359149	724.443784427	221.02134854	-339.478568082	920.998683264
193	-156.877627256	-319.984005709	725.756252066	218.539688634	-335.456438286	926.091223831
194	-158.05867576	-314.190580984	727.245979937	216.265638242	-331.396145393	931.24617848
195	-159.058936289	-308.397084976	728.91296804	214.199197366	-327.297689405	936.463547209
196	-159.878408843	-302.603517682	730.757216375	212.340366004	-323.161070319	941.743330019
197	-160.51003895	-296.85763919	732.811289347	210.687099118	-318.987503451	947.084557766
198	-160.940943252	-291.246672202	735.134658277	209.192520639	-314.804846007	952.465015879
199	-161.170848315	-285.772467923	737.728585377	207.837087263	-310.624712059	957.875442785
200	-161.19975414	-280.435026353	740.593070647	206.62079899	-306.447101605	963.315838484
201	-161.027660725	-275.234347491	743.728114087	205.54365582	-302.272014647	968.786202977
202	-160.654568071	-270.170431337	747.133715697	204.605657753	-298.099451183	974.286536263
203	-160.082405622	-265.280317568	750.795537444	203.80676802	-293.932486146	979.816999916
204	-159.315521866	-260.647484409	754.681264961	203.146702701	-289.794863117	985.378841551
205	-158.354081433	-256.275092314	758.78967484	202.625402082	-285.691576035	990.972323577
206	-157.198084324	-252.163141282	763.120767082	202.24286616	-281.6226249	996.597445993
207	-155.849186131	-248.310869687	767.6734118	201.999094937	-277.588009713	1002.2542088
208	-154.410565962	-244.670811794	772.377192806	201.894088413	-273.587730473	1007.942612
209	-152.943468926	-241.214792865	777.190312418	201.927846587	-269.621787181	1013.66265558
210	-151.447895025	-237.9428129	782.112770637	202.10036946	-265.690179836	1019.41433956
211	-149.723511715	-234.816390657	787.038224004	202.40806819	-261.78636123	1025.18905542
212	-147.396244161	-231.76393156	791.76781381	202.834985995	-257.881221029	1030.94852782
213	-144.743304858	-228.870759393	796.41334795	203.379216789	-253.971281913	1036.68818465
214	-142.048510836	-226.205518904	801.11019717	204.04076057	-250.056543881	1042.40802592
215	-140.031515561	-223.838822501	806.317234555	204.81961734	-246.137006935	1048.10805162
216	-138.631377375	-221.75085141	812.001815268	205.715787097	-242.212671073	1053.78826176
217	-136.603299483	-219.742175963	817.404920043	206.698740735	-238.384880226	1059.51545399
218	-133.911793651	-217.799200782	822.497682427	207.72888757	-234.785058981	1065.37625268
219	-131.319828459	-216.005792324	827.710266259	208.806065461	-231.413745577	1071.3710126
220	-128.886146673	-214.367086642	833.071727504	209.928685859	-228.24962731	1077.48701294
221	-126.36021635	-212.847740813	838.416810604	211.066715548	-224.889765259	1083.48375339
222	-123.700928223	-211.441955489	843.718399116	212.253372104	-221.253008899	1089.30224234
223	-120.908282291	-210.14973067	848.976493041	213.726487871	-217.722882262	1095.11514163
224	-117.983441033	-208.970649818	854.191599517	215.415192041	-214.298100928	1100.93961658
225	-115.017407412	-207.872104774	859.403419145	217.104701658	-210.861484114	1106.75889797
226	-112.067399325	-206.833593234	864.636913583	218.788797177	-207.409638575	1112.5725002
227	-109.13341677	-205.8551152	869.892082831	220.502377991	-203.943782534	1118.36826596
228	-106.215459749	-204.93667067	875.16892689	222.56742446	-200.475155261	1124.03403227
229	-103.30570632	-204.076283265	880.462133536	224.930304811	-197.015354478	1129.59673443
230	-100.318787032	-203.252382561	885.713724634	227.27037545	-193.585958013	1135.18814708
231	-97.2312872432	-202.459052347	890.907798273	229.573209469	-190.187936727	1140.81419924
232	-94.0432069536	-201.696292623	896.044354454	231.851770449	-186.816101907	1146.46608357
233	-90.7545461631	-200.964103389	901.123393176	234.217757312	-183.425745693	1152.06791307
234	-87.3683960237	-200.261931671	906.14671851	236.696880065	-180.006577571	1157.60222063
235	-83.9924376822	-199.570514497	911.177175729	239.288685341	-176.558237883	1163.0689218
236	-80.6799351634	-198.880323518	916.245850985	241.95388489	-173.049558842	1168.46069912
237	-77.4254850257	-198.189427437	921.349395145	244.667188292	-169.460477289	1173.77284221
238	-74.1866493531	-197.482658103	926.461504575	247.428595546	-165.790993225	1179.00535107
239	-70.9543731428	-196.75677908	931.576566852	250.238106652	-162.041106649	1184.15822569
240	-67.7286563947	-196.011790367	936.694581977	253.087472117	-158.213792247	1189.23706739
241	-64.5094991091	-195.247691966	941.81554995	255.701821928	-154.408165404	1194.42850979
242	-61.2969012857	-194.464483874	946.939470771	258.12799377	-150.552238498	1199.63967532
243	-58.0787418326	-193.662417994	952.057800999	261.253579652	-146.055147364	1203.96771553
244	-54.8173506657	-192.842277181	957.143989221	264.732186072	-141.266442667	1207.85255517
245	-51.5100342729	-192.004117413	962.196136939	267.83158242	-136.851325496	1212.17238599
246	-48.156792654	-191.14793869	967.214244155	270.724594862	-132.357384276	1216.58285688
247	-44.7576258092	-190.273741012	972.198310867	273.527946413	-127.590443554	1220.88815319
248	-41.3125337383	-189.381524379	977.148337075	276.400694891	-122.691289596	1224.94980871
249	-37.8373111301	-188.471647097	982.074695553	279.366440719	-117.680811758	1228.74727833
250	-34.4002845299	-187.545659174	987.022258075	282.423083039	-112.560795149	1232.28600671
251	-31.0093409372	-186.603739529	991.996204233	285.426344425	-107.453832887	1235.93990843
252	-27.6547911062	-185.646371627	996.990908578	288.292543101	-102.407780687	1239.87538704
253	-24.2902543475	-184.675869737	1001.97944309	291.061306915	-97.1673407443	1243.50863464
254	-20.9096761346	-183.692535962	1006.95829258	293.746251473	-91.6691649784	1246.71822839
255	-17.5216000967	-182.708066881	1011.93431132	296.362257413	-85.9139634024	1249.59868655
256	-14.1694778898	-181.781949592	1016.94235909	298.925129516	-79.9809915572	1252.25033438
257	-10.8593891589	-180.922507381	1021.98731338	301.461994837	-74.0207454176	1254.84535686
258	-7.57415418084	-180.11289547	1027.05550045	303.973505395	-68.036842251	1257.38789258
259	-4.24412652929	-179.284825311	1032.09148711	306.458003311	-62.0277506128	1259.87578016
260	-0.86191461881	-178.431049429	1037.08939022	308.8707969	-55.9521870759	1262.25075529
261	2.57248155061	-177.551567825	1042.04920977	311.191885667	-49.7916764163	1264.48674342
262	6.05906197898	-176.646380497	1046.97094578	313.421269611	-43.5462186338	1266.58374456
263	9.59782666628	-175.715487447	1051.85459824	315.558948734	-37.2158137286	1268.54175871
264	13.122322289	-174.789888725	1056.74707994	317.604923035	-30.8004617006	1270.36078586
265	16.5225920701	-173.920878467	1061.72601498	319.553014706	-24.3108394643	1272.04278429
266	19.7976287649	-173.10893665	1066.79216941	321.389038905	-17.7714622397	1273.59225036
267	23.0005989824	-172.330100233	1071.91257554	323.11243471	-11.183299455	1275.00936189
268	26.165393458	-171.56909412	1077.06621829	324.724247163	-4.54676809662	1276.295551
269	29.3063203846	-170.817301858	1082.24145274	326.358207352	2.08477135613	1277.63408234
270	32.5258017062	-170.013044547	1087.35492129	328.100329626	8.67756670715	1279.137672
271	35.8440041698	-169.14417769	1092.39021093	329.769200431	15.3183451813	1280.42764387
272	39.2609277755	-168.210701287	1097.34732165	331.288934404	22.0424114298	1281.35000622
273	42.7765725232	-167.212615339	1102.22625347	332.709446102	28.809863536	1282.08159581
274	46.3873032945	-166.152197755	1107.02984867	334.048378836	35.6065973599	1282.68491915
275	49.9968715176	-165.089761756	1111.83336387	335.305732605	42.4326129014	1283.15997625
276	53.5625275537	-164.052095981	1116.67022494	336.481507411	49.2879101607	1283.5067671
277	57.1113267652	-163.025918511	1121.51854811	337.575703252	56.1724891376	1283.72529171
278	60.7008628899	-161.982955646	1126.33174864	338.588922548	63.0786645679	1283.81391278
279	64.3330311817	-160.922276973	1131.10829354	339.52282389	69.9852773103	1283.76812247
280	68.0078316407	-159.843882492	1135.84818281	340.377502983	76.8911064076	1283.58766067
281	71.7252642666	-158.747772204	1140.55141646	341.152959826	83.7961518598	1283.27252738
282	75.4853290597	-157.633946109	1145.21799447	341.849194421	90.7004136669	1282.8227226
283	79.2880260198	-156.502404207	1149.84791687	342.466206766	97.6038918289	1282.23824632
284	83.1333551471	-155.353146497	1154.44118363	343.003996863	104.506586346	1281.51909855
285	87.0213164414	-154.186172979	1158.99779476	343.46272901	111.407945672	1280.66625743
286	90.9606430539	-152.983139479	1163.49964992	343.845542393	118.297431687	1279.69841185
287	94.969592841	-151.705694967	1167.90890782	344.153636313	125.171018382	1278.62270175
288	99.0487392308	-150.352634946	1172.22437998	344.387010771	132.028705757	1277.43912713
289	103.198082223	-148.923959414	1176.44606638	344.545665766	138.870493814	1276.14768799
290	107.397321601	-147.475974668	1180.6160561	344.629601299	145.696382552	1274.74838433
291	111.551884646	-146.270995102	1184.93042963	344.653294723	152.501282147	1273.2378433
292	115.682889949	-145.234424599	1189.33429702	344.654938272	159.271765302	1271.60716708
293	119.959203134	-143.816092775	1193.42085079	344.636561981	166.007118316	1269.85588274
294	124.389058586	-142.030301262	1197.19199244	344.59816585	172.707341188	1267.98399025
295	128.897470863	-140.320388495	1200.93356344	344.539749879	179.372433918	1265.99148964
296	133.430832932	-138.654566669	1204.67672821	344.461314069	186.002396507	1263.8783809
297	137.828297059	-136.700051205	1208.39709713	344.362858418	192.597228953	1261.64466402
298	142.220440088	-134.513557027	1211.9862082	344.245132488	199.156990827	1259.29877119
299	146.819024646	-132.224164917	1215.28935896	344.110123246	205.681840035	1256.86305479
300	151.491430892	-129.808419424	1218.39735894	343.957937309	212.17178505	1254.33871424
301	156.170136405	-127.253954958	1221.35648796	343.78857468	218.626825873	1251.72574954
302	160.855141187	-124.560771521	1224.16674602	343.602035356	225.046962504	1249.02416068
303	165.546445238	-121.728869113	1226.82813312	343.420998139	231.423744136	1246.22262695
304	170.244048557	-118.758247732	1229.34064927	343.301540341	237.73627467	1243.29315588
305	174.91972278	-115.624237218	1231.69739376	343.246274005	243.983580781	1240.23444359
306	179.511920634	-112.273048368	1233.88332077	343.25519913	250.165662468	1237.0464901
307	184.018491252	-108.702801433	1235.89790449	343.328315717	256.282519731	1233.72929539
308	188.438213515	-104.91952419	1237.74841416	343.465623764	262.334152571	1230.28285947
309	192.757614964	-100.989720335	1239.51505026	343.678962809	268.317255846	1226.70916801
310	196.972972792	-96.9317666431	1241.21997438	344.034661724	274.213313095	1223.01934538
311	201.084286999	-92.7456631145	1242.8631865	344.543026057	280.019447408	1219.21511998
312	205.094240487	-88.4663500053	1244.52559901	345.204055807	285.735658785	1215.29649179
313	209.011175799	-84.1233398553	1246.25322737	346.017098725	291.361823404	1211.26330412
314	212.890989523	-79.6347812124	1247.62803916	346.854501478	296.873708033	1207.08488616
315	216.715595938	-75.01186891	1248.73824569	347.620822871	302.253194469	1202.73830661
316	220.418631985	-70.3222971398	1249.9865549	348.316552171	307.500281035	1198.22394102
317	224.039137159	-65.5615058928	1251.17720556	348.964229607	312.614890401	1193.55909088
318	227.594256542	-60.7267155728	1252.22331817	349.733043036	317.607374835	1188.7903531
319	231.083990134	-55.8179261797	1253.12489273	351.087205186	322.505716189	1184.02537748
320	234.508337936	-50.8351377137	1253.88192923	352.441108216	327.226831024	1179.08760246
321	237.867299947	-45.7783501746	1254.49442769	353.577774626	331.740932256	1173.91245924
322	241.156840812	-40.6517301377	1254.95352693	354.553184036	336.049869906	1168.51776525
323	244.360771873	-35.4719926755	1255.22367859	355.748847443	340.166582676	1163.02525914
324	247.477398863	-30.2408871473	1255.30116226	357.121152304	344.158372044	1157.48548605
325	250.506721783	-24.958413553	1255.18597793	358.582852262	348.07420807	1151.91927425
326	253.478337886	-19.6423523537	1254.91100439	360.133947318	351.914090753	1146.32662375
327	256.483768544	-14.3476847418	1254.57791023	361.774437472	355.678020093	1140.70753456
328	259.52950301	-9.0783091163	1254.19390417	363.504322723	359.365996091	1135.06200666
329	262.615541285	-3.83422547731	1253.75898623	365.304535875	362.978697089	1129.38554434
330	265.741883368	1.38456617521	1253.27315639	367.048261079	366.520634735	1123.64824659
331	268.862958279	6.59478566426	1252.70204251	368.71214912	369.992639711	1117.84460804
332	271.482900849	11.9783505586	1251.67163754	370.296199999	373.394712016	1111.97462871
333	273.795830719	17.4537377521	1250.32981631	371.834942933	376.734143544	1106.05403391
334	276.223347815	22.855453212	1248.9299465	373.474896707	380.041876188	1100.14955125
335	279.111300068	28.0501287496	1247.56192061	375.232564741	383.321395145	1094.26869674
336	282.106222016	33.1580216858	1246.09514948	377.107947034	386.572700416	1088.41147037
337	285.119915901	38.2093662637	1244.49759642	379.101043588	389.795792	1082.57787215
338	288.152381724	43.2041624834	1242.76926142	381.211854402	392.990669899	1076.76790208
339	291.203619484	48.1424103448	1240.9101445	383.440379476	396.157334111	1070.98156014
340	294.272881847	53.0244853666	1238.92075685	385.786618809	399.295784637	1065.21884636
341	297.333448986	57.8638136622	1236.8193759	388.265137722	402.383085043	1059.48204323
342	300.371979051	62.667099212	1234.61512798	390.904737702	405.37388079	1053.77566419
343	303.388472041	67.4343420159	1232.30801312	393.70619603	408.266947869	1048.09983106
344	306.390173267	72.1584061624	1229.8946825	396.669512707	411.06228628	1042.45454383
345	309.472355908	76.7454570304	1227.33110083	399.795508378	413.748728553	1036.84279827
346	312.664544538	81.166415845	1224.60362183	403.085610156	416.306854381	1031.26980407
347	315.890699147	85.4880724516	1221.74579452	406.539843729	418.736314189	1025.73565501
348	319.008683831	89.8352721117	1218.8203296	410.115477052	421.067206322	1020.23232394
349	322.02806251	94.19931793	1215.82484644	413.755972931	423.339352787	1014.74919046
350	325.066738763	98.4739210618	1212.72425119	417.461063338	425.55294237	1009.28620423
351	328.153282014	102.633326471	1209.5100402	421.200045954	427.700009506	1003.82007834
352	331.287926665	106.677155937	1206.18212574	424.671833993	429.703507869	998.123641223
353	334.557431312	110.465419491	1202.70803196	428.754656445	431.778617186	992.870227629
354	338.032084065	113.884703244	1199.06144833	432.564230109	433.626981039	987.368131292
355	341.616097252	117.07958228	1195.29590179	436.467703922	435.424484138	981.86289941
356	345.210916556	120.198668269	1191.46674871	440.060527953	437.040182696	976.129469072
357	348.962759703	122.982739054	1187.57072359	443.124917682	438.417908781	970.051552805
358	352.986204376	125.228666994	1183.6052646	446.258302881	439.831609163	964.003237152
359	357.238922265	126.943128702	1179.56238378	449.486279474	441.275991994	958.000734525
360	361.513964291	128.158767075	1175.40302688	452.37023245	442.39783828	951.771056634
361	365.783643712	128.879949253	1171.12196901	455.147617424	443.239394022	945.440892677
362	370.027482579	129.084160782	1166.72963611	458.375467502	444.007168024	939.323600851
363	374.148151425	128.664392915	1162.27558155	461.732751551	444.634810897	933.288687182
364	378.127212673	127.633378549	1157.769333	464.404905113	444.898927566	926.865270209
365	381.921679047	126.186884856	1153.23381144	466.968803004	444.813368189	920.379523192
366	385.522872144	124.364433902	1148.67364423	469.646512143	444.536676465	913.961705951
367	388.921069463	122.191615597	1144.08550235	472.36109894	444.13252259	907.567026614
368	392.072356266	119.784014827	1139.45434923	475.112563395	443.600906564	901.195485181
369	394.977854239	117.165354479	1134.77765741	477.900905507	442.941828387	894.847081652
370	397.765208906	114.525942827	1130.04169201	480.711935468	442.159507236	888.517321237
371	400.483973727	111.939659731	1125.24112099	483.396141072	441.298225246	882.158797486
372	403.134148702	109.406505189	1120.37594433	485.769883057	440.365378208	875.700643102
373	405.715733829	106.926479202	1115.44616206	488.201479506	439.3674119	869.30578909
374	408.22872911	104.49958177	1110.45177415	492.46295389	438.339070817	863.739440017
375	410.6745696	102.125215901	1105.39394345	495.773238415	437.176762362	857.712400381
376	413.09778571	99.7848566863	1100.30875319	497.843178899	435.927657458	851.103581064
377	415.519467301	97.4697306233	1095.21329258	501.166702022	434.822691391	845.094761763
378	417.939614371	95.1798377117	1090.10756163	504.904130988	433.789622575	839.29987162
379	420.358716722	92.9148388217	1084.99195761	508.595394479	432.771706906	833.503561147
380	422.842547288	90.629193917	1079.91982902	512.432727887	431.72316878	827.783269922
381	425.437351877	88.2908832038	1074.92868587	516.426375497	430.679444569	822.163176409
382	428.124151287	85.9552512409	1069.98484692	520.569435354	429.675294951	816.658032697
383	430.828091417	83.7743287879	1064.98412197	524.861907461	428.710719929	811.267838785
384	433.372203488	81.6441768515	1059.88056764	529.303791816	427.785719501	805.992594674
385	435.713972389	79.53662159	1054.66453177	533.894151568	426.899841229	800.831643164
386	437.883752369	77.4476984588	1049.35459877	538.555747974	426.01578377	795.730801371
387	440.012474045	75.3603067125	1044.030931	543.239424042	425.109807462	790.655585727
388	442.115195727	73.2724795971	1038.70274792	547.945179772	424.181912305	785.605996232
389	444.186044832	71.1880513943	1033.36551831	552.673015163	423.232098298	780.582032885
390	446.195120083	69.1265450231	1027.99617073	557.422930215	422.260365441	775.583695686
391	448.138232408	67.0906955815	1022.59147293	562.194924929	421.266713734	770.610984637
392	450.015381806	65.0805030694	1017.15142492	566.984808496	420.243959837	765.661701557
393	451.826568278	63.0959674869	1011.67602669	571.754391295	419.126644044	760.715815092
394	453.575093474	61.1328626943	1006.1691579	576.494489661	417.89902491	755.768508192
395	455.276122666	59.1717770229	1000.64863873	581.205103595	416.561102433	750.819780859
396	456.931540787	57.2102977442	995.116684106	585.886233097	415.112876615	745.869633091
397	458.541347837	55.2484248581	989.573294025	590.536458676	413.549100767	740.920730129
398	460.105543816	53.2861583647	984.018468486	595.145570728	411.832038366	735.992241564
399	461.624128724	51.323498264	978.45220749	599.711550452	409.954227563	731.087957904
400	463.09710256	49.360444556	972.874511036	604.231031129	407.915981375	726.204929327
401	464.524465325	47.3969972406	967.285379124	608.651716833	405.722161978	721.297335584
402	465.906217019	45.4331563179	961.684811756	612.955719774	403.374432477	716.349503888
403	467.242357642	43.4689217879	956.072808929	617.140338218	400.865132444	711.365901311
404	468.532887193	41.5042936506	950.449370645	621.154745304	398.050148661	706.430565462
405	469.777805674	39.539271906	944.814496904	624.979674796	394.874854124	701.575351316
406	470.977113083	37.573856554	939.168187705	628.615126694	391.339248834	696.800258872
407	472.141874509	35.6057905571	933.514416379	632.061100997	387.44333279	692.10528813
408	473.292964957	33.6308158675	927.860678869	635.291365498	383.197655674	687.573168854
409	474.430874993	31.6488324204	922.207151332	638.274512065	378.614848743	683.302954362
410	475.555604616	29.6598402159	916.553833768	641.010478397	373.694937054	679.29484114
411	476.667153826	27.663839254	910.900726175	643.499264494	368.437920606	675.548829186
412	477.765522624	25.6608295347	905.247828556	645.740870355	362.8437994	672.064918502
413	478.850711009	23.650811058	899.595140908	647.741386908	356.93198302	668.842686632
414	479.922718981	21.6337838239	893.942663233	649.548810396	350.855418178	665.878804649
415	480.981546541	19.6097478324	888.290395531	651.173410398	344.646830315	663.172560276
416	482.027193689	17.5787030835	882.638337801	652.615186914	338.306219432	660.723953512
417	483.059660424	15.5406495772	876.986490043	653.874185317	331.833612946	658.532940238
418	484.078946746	13.4955873135	871.334852258	655.019572006	325.270807049	656.532264115
419	485.085052655	11.4435162923	865.683424446	656.11373794	318.655503637	654.661257141
420	486.083062317	9.38542544062	860.032759714	657.156683117	311.987702709	652.919919314
421	487.090361973	7.32469657735	854.384749522	658.135216632	305.279805635	651.290740162
422	488.108399831	5.2616113946	848.73955142	659.030748906	298.549289317	649.749042662
423	489.137175889	3.19616989239	843.097165409	659.843148488	291.796277339	648.294652316
424	490.176690147	1.1283720707	837.457591488	660.536288949	285.038284172	646.810070394
425	491.226942606	-0.941782070452	831.820829657	661.020734385	278.318914087	645.002916832
426	492.287933266	-3.01429253108	826.186879917	661.571371359	271.567325325	643.385788686
427	493.359662127	-5.08915931117	820.555742267	662.372734581	264.734567134	642.309814116
428	494.442129188	-7.16638241074	814.927416708	663.122655954	257.892562776	641.233698779
429	495.53533445	-9.24596182978	809.301903238	663.771865633	251.055327704	640.065799432
430	496.639277912	-11.3278975683	803.67920186	664.395996136	244.211676265	638.931523484
431	497.753959576	-13.4121896263	798.059312571	665.000080314	237.360864125	637.839215983
432	498.876199578	-15.5007575157	792.44236659	665.584118168	230.502891285	636.788876931
433	499.987223638	-17.6049342659	786.829138634	666.148109697	223.637757746	635.780506326
434	501.083952979	-19.72657837	781.21975575	666.692054903	216.765463506	634.814104169
435	502.1663876	-21.8656898281	775.614217937	667.215953784	209.886008566	633.889670459
436	503.2345275	-24.02226864	770.012525196	667.719806341	202.999392926	633.007205197
437	504.288372682	-26.1963148059	764.414677525	668.203612573	196.105616586	632.166708383
438	505.32720501	-28.3883325678	758.820785123	668.667372482	189.204679545	631.368180017
439	506.273225054	-30.6529493649	753.242786195	669.111086066	182.296581805	630.611620099
440	507.073916175	-33.0270401371	747.688739343	669.534753326	175.381323364	629.897028628
441	507.729278373	-35.5106048843	742.158644565	669.937965751	168.458997639	629.224160237
442	508.273603411	-38.0327597875	736.641190646	670.30927381	161.532222812	628.58613786
443	508.754789501	-40.5277419684	731.128194956	670.643470397	154.602189603	627.979833893
444	509.326565469	-43.1903451061	725.686376759	670.940555512	147.668898011	627.405248335
445	510.02822523	-46.0359032271	720.326061432	671.200529154	140.732348037	626.862381187
446	510.820900982	-48.9125219421	715.010333666	671.423391323	133.792539681	626.351232448
447	511.685848328	-51.8867509468	709.772306261	671.609142019	126.849472942	625.871802119
448	512.605513653	-55.041831325	704.650607125	671.757781242	119.903147821	625.424090198
449	513.579889549	-58.3777982145	699.645252565	671.855022025	112.953176553	625.04305986
450	514.598617309	-61.8764513438	694.746895999	671.880507484	105.999006631	624.778528616
451	515.618766938	-65.4623626015	689.91680201	671.834084473	99.0406338981	624.630871248
452	516.635648216	-69.1272912561	685.150738647	671.71575299	92.0780583542	624.600087758
453	517.649261141	-72.8712373075	680.448705911	671.525513037	85.1112799993	624.686178144
454	518.659605714	-76.6942007558	675.8107038	671.261636104	78.1430871871	624.894749491
455	519.656029617	-80.6016476491	671.240133256	670.91005983	71.1961646943	625.27141848
456	520.573263078	-84.6270700125	666.757832802	670.467694403	64.2754968687	625.826208108
457	521.400198654	-88.7761674348	662.367348686	669.934539822	57.3810837102	626.559118374
458	522.139759486	-93.0492389053	658.070071213	669.31388422	50.5131546609	627.466408014
459	522.987679575	-97.4663047827	653.959095384	668.6126809	43.6721949142	628.540165503
460	524.047089665	-102.043165485	650.091184459	667.831154821	36.8582201673	629.780134881
461	525.214511444	-106.804835607	646.469398008	666.963806056	30.0729174982	631.184484953
462	526.348191752	-111.685421348	642.983903147	665.850494815	23.3654090701	632.699897293
463	527.218898997	-116.552696685	639.427866462	664.417257703	16.7583828242	634.301745844
464	527.821360934	-121.403620466	635.796530856	662.664094718	10.2518387606	635.990030604
465	528.183274902	-126.253489354	632.115331087	660.682000089	3.83668851141	637.822973858
466	528.483589852	-131.201133133	628.548597863	658.806294419	-2.52055924365	640.015129108
467	528.762790397	-136.253782824	625.127316042	656.952769083	-8.78962753722	642.49724603
468	529.038172775	-141.389937843	621.854657368	654.944715496	-14.9193859855	645.132724666
469	529.310254483	-146.608954903	618.730716738	652.780223457	-20.9092818741	647.920088383
470	529.57903552	-151.910834003	615.755494151	650.459292966	-26.7593152032	650.859337182
471	529.844515886	-157.295575143	612.928989608	647.981924023	-32.4694859726	653.950471063
472	530.106695581	-162.763178323	610.25120311	645.348116627	-38.0397941825	657.193490026
473	530.365507027	-168.313601413	607.72208807	642.557870779	-43.4702398328	660.588394071
474	530.580325615	-173.921517842	605.313640647	639.602357713	-48.7278943768	664.102785595
475	530.716697864	-179.565448303	603.002110951	636.477173881	-53.7748256222	667.706334965
476	530.774623774	-185.245392795	600.787498983	633.355385959	-58.6028125839	671.603430237
477	530.754103345	-190.961351317	598.669804743	630.279460541	-63.2213613978	675.833918845
478	530.655136577	-196.713323871	596.649028231	627.003539245	-67.714961092	680.042141631
479	530.478874044	-202.491995311	594.713056902	623.530549615	-72.0713474466	684.224670812
480	530.226490757	-208.287852634	592.849520939	619.981543513	-76.2193672267	688.536504658
481	529.897986749	-214.100895578	591.058420001	616.362893004	-80.1552749869	692.985802145
482	529.49336202	-219.931124145	589.339754089	612.674306778	-83.8795646268	697.571687229
483	529.012616569	-225.778538333	587.693523201	608.889241154	-87.4372394766	702.214336315
484	528.455750397	-231.643138143	586.119727338	604.990417806	-90.8575939684	706.861789093
485	527.822132954	-237.523784523	584.616678767	600.977836736	-94.140628102	711.514045564
486	527.102769618	-243.404229254	583.160302463	596.856649327	-97.2829456479	716.174730222
487	526.294731876	-249.279182155	581.742759957	592.665601772	-100.25900183	720.871104744
488	525.398019726	-255.148643227	580.364051247	588.412662022	-103.063543498	725.608775354
489	524.41263317	-261.012612469	579.024176334	584.097830076	-105.696570653	730.38774205
490	523.339512542	-266.87050947	577.722714112	579.721105936	-108.158083294	735.208004833
491	522.183714024	-272.719213354	576.457400292	575.28249973	-110.448082622	740.069564855
492	520.945989678	-278.558259919	575.227898081	570.806982069	-112.569527967	744.975264533
493	519.626339504	-284.387649165	574.034207479	566.317581448	-114.525148497	749.927725209
494	518.224763502	-290.207381091	572.876328485	561.814297866	-116.31494421	754.926946885
495	516.741261672	-296.017455698	571.7542611	557.285292053	-117.939254328	759.959756526
496	515.169123287	-301.816374882	570.684134341	552.670191106	-119.399808662	764.958979869
497	513.469331776	-307.595428582	569.75972326	547.960522661	-120.696849964	769.91519009
498	511.635588004	-313.353210578	568.996167628	543.180747477	-121.834954213	774.848147149
499	509.66789197	-319.089720871	568.393467444	539.129238297	-122.963476443	780.402794801
500	507.568214781	-324.802507852	567.957687858	535.770008122	-124.022072494	786.547136041
501	505.35173315	-330.472695146	567.735528061	531.383835113	-124.470457108	791.880411108
502	503.021631399	-336.096322182	567.736786305	526.600777071	-124.619453655	796.924989501
503	500.577909529	-341.67338896	567.961462588	522.17265215	-124.797528303	802.296887513
504	498.02056754	-347.203895479	568.409556912	517.940405337	-124.828908185	807.822646999
505	495.402733489	-352.68139037	569.13945763	513.86732643	-124.673024588	813.462233488
506	492.881519406	-358.086795433	570.323832687	509.946121461	-124.333495145	819.210034955
507	490.449583848	-363.423366652	571.930282253	506.040119677	-123.878105287	824.960896049
508	487.984619256	-368.717932265	573.666435048	502.097620665	-123.332497183	830.675038145
509	485.371461222	-373.923034919	575.418856032	498.119330124	-122.697386476	836.353052414
510	482.865259471	-378.867288636	577.939305851	494.145309382	-122.013399172	842.028498753
511	480.302452986	-383.554405705	580.887724385	490.198736654	-121.304040186	847.720793853
512	477.611961295	-387.995316421	584.097828316	486.279611939	-120.569309518	853.429937714
513	474.853512258	-392.121766843	587.620072525	482.387935237	-119.80920717	859.155930337
514	472.050893538	-395.906573646	591.474551551	478.516722797	-119.008818201	864.890741808
515	469.204046272	-399.349619952	595.66122495	474.624283737	-118.079104948	870.586435984
516	466.211430885	-402.249289885	600.110326813	470.703704731	-117.005302873	876.235063925
517	462.980883387	-404.422583628	604.758533017	466.754985777	-115.787411978	881.836625632
518	459.631474566	-406.033059478	609.588302127	462.778126876	-114.425432261	887.391121105
519	456.357044277	-407.346980186	614.571077776	458.773128028	-112.919363723	892.898550344
520	453.138981955	-408.362625194	619.683341035	454.709972412	-111.241267304	898.312398998
521	449.815805914	-409.038646464	624.750118301	450.488912795	-109.298300267	903.478097805
522	446.35412801	-409.366494824	629.735231821	446.102001362	-107.083064944	908.383330759
523	442.753948241	-409.346170275	634.638681596	441.549238115	-104.595561336	913.028097858
524	439.019032357	-408.981664034	639.461412308	436.834678403	-101.830611962	917.365043266
525	435.245423047	-408.374769184	644.227517384	431.963411633	-98.7817191683	921.334736127
526	431.475102821	-407.569981867	648.947528628	426.995978746	-95.3324131786	924.797418922
527	427.70807168	-406.567302083	653.621446039	422.092953836	-91.1737511984	927.382806726
528	423.944329624	-405.366729833	658.249269617	417.291741625	-86.4003459734	929.093723671
529	420.183876653	-403.968265116	662.830999363	412.670971561	-81.3161093459	929.992268953
530	416.426712767	-402.371907932	667.366635276	408.235116961	-75.9383312009	930.081975465
531	412.680989478	-400.636080588	671.869093332	403.917349245	-70.445241349	929.40440976
532	408.956051558	-398.827757527	676.353180211	399.603168896	-65.2422792098	928.028673525
533	405.251909727	-396.947015592	680.818912901	395.570672968	-59.958120497	925.866715273
534	401.568563987	-394.993854784	685.266291402	391.81369282	-54.3923702664	923.984105362
535	397.906014336	-392.968275102	689.695315713	388.298975622	-48.7794548324	921.876822096
536	394.263397912	-390.866100364	694.103153612	384.968249295	-43.2369581675	919.280100339
537	390.637532656	-388.671929686	698.479360449	381.743737246	-37.661916461	916.627777068
538	387.028122185	-386.384328612	702.822963397	378.623939031	-32.0523433647	913.928221741
539	383.435166501	-384.003297141	707.133962456	375.608854651	-26.4082388785	911.18143436
540	379.870025273	-381.537967134	711.424124446	372.690813559	-20.7321262254	908.392861845
541	376.359766722	-379.010098312	715.721487757	369.839860524	-15.0338591655	905.583775665
542	372.905554759	-376.420626327	720.02725802	367.052972526	-9.31443212063	902.756322494
543	369.507389384	-373.769551178	724.341435234	364.330149564	-3.57384509063	899.910502331
544	366.164800489	-371.0559782	728.660882041	361.671391638	2.18790192445	897.046315176
545	362.876522859	-368.277499565	732.977154813	359.076698748	7.97080892463	894.16376103
546	359.642486579	-365.433982215	737.289786949	356.539113612	13.7725394727	891.26478966
547	356.462691648	-362.525426149	741.59877845	354.001292581	19.5738360718	888.365471537
548	353.337138065	-359.551831367	745.904129314	351.450500603	25.3704219584	885.46937564
549	350.265825832	-356.51319787	750.205839543	348.886737678	31.1622971325	882.576501969
550	347.225912101	-353.424164869	754.496350156	346.310003807	36.9494615941	879.686850525
551	344.16779439	-350.316520926	758.759247078	343.719132644	42.7310271543	876.799608441
552	341.089756671	-347.191365785	762.993962455	341.104950445	48.5000078584	873.90838222
553	337.991798946	-344.048699446	767.200496287	338.465497384	54.25491127	871.011805994
554	334.873921213	-340.888521908	771.378848574	335.800773463	59.9957373888	868.109879763
555	331.736123474	-337.710833172	775.529019316	333.110778682	65.7224862151	865.202603526
556	328.578405728	-334.515633237	779.651008514	330.395513039	71.4351577487	862.289977284
557	325.3879687	-331.304416959	783.73464127	327.654976536	77.1337519897	859.372001037
558	322.100159622	-328.084735273	787.728521302	324.859774198	82.7950083935	856.43556902
559	318.706001468	-324.857636625	791.625512242	321.980185668	88.3954089387	853.467430396
560	315.205494238	-321.623121016	795.425614091	319.016210723	93.9349534473	850.467585065
561	311.598637932	-318.381188446	799.128826849	315.967849361	99.4136419194	847.436033029
562	307.874189521	-315.138700479	802.715342984	312.835066873	104.831413582	844.372790504
563	304.012170393	-311.907849964	806.149964951	309.611343951	110.176854292	841.280903733
564	300.007022244	-308.689451429	809.424282728	306.291836252	115.441482468	838.162636302
565	295.775397562	-305.49282288	812.413739999	302.876543775	120.625298109	835.017988213
566	291.287440832	-302.321847548	815.069823109	299.365466521	125.728301216	831.846959466
567	286.515986601	-299.199312988	817.210835326	295.758604489	130.750491788	828.649550059
568	281.447409013	-296.136649163	818.745639784	292.055957681	135.691869825	825.425759995
569	276.065387226	-293.382087816	819.035063214	288.258682541	140.547377901	822.17168954
570	270.738265655	-291.694974063	816.831464806	284.373371419	145.288186035	818.865108187
571	266.270423671	-292.160343265	812.822033275	280.401067271	149.909733116	815.502498911
572	262.519828413	-293.753026486	808.1878128	276.341770097	154.412019146	812.083861709
573	259.76994731	-292.803004967	803.290419186	272.195479898	158.795044123	808.609196584
574	259.921551332	-288.265387509	799.316772667	267.972277552	163.073443723	805.091136242
575	261.139062102	-282.656723218	797.07029976	263.69064895	167.274056235	801.552846013
576	261.83159254	-276.718475053	795.775745939	259.350991627	171.397458807	797.994824059
577	261.877191377	-270.70825393	794.961751764	254.953305581	175.443651438	794.417070381
578	261.384121494	-264.694073107	794.457405635	250.497590814	179.41263413	790.819584978
579	260.352382891	-258.675932586	794.262707549	245.985582295	183.311851399	787.213401872
580	258.694520028	-252.780463268	794.159958272	241.428439869	187.189188596	783.669495155
581	256.257421774	-247.229618408	793.767432921	236.828154379	191.053188149	780.200526134
582	253.170226229	-242.07609909	792.853555899	232.222394802	195.019275315	776.825221641
583	249.889958852	-237.176193598	791.292987257	227.921835782	199.65314717	773.687982575
584	247.173773206	-232.114331966	789.257481109	227.054503821	205.78315784	772.165767505
585	245.231479916	-226.680662302	787.332328501	232.268305163	210.074711178	773.646101696
586	244.055873011	-220.892766462	785.854245151	238.39777176	212.652967573	775.779018182
587	243.507700485	-214.912701434	784.869449159	244.704126859	214.625811835	777.910340015
588	243.426541168	-208.828042241	784.310487696	251.186837572	216.172200885	779.945057176
589	243.622393711	-202.738685032	784.099713116	257.727548002	217.696846515	781.780211975
590	243.931794062	-196.660972398	784.233306593	264.319468719	219.222964833	783.409898292
591	244.287584377	-190.601581397	784.709732819	270.961808841	220.752132474	784.835526984
592	244.664380247	-184.555920336	785.467411381	277.477659031	222.637021091	786.372687464
593	244.899874551	-178.494630067	786.112599021	283.657132669	225.269934311	788.219245221
594	244.963819481	-172.412925998	786.577627737	288.641412705	229.71462837	790.009868997
595	244.737650798	-166.345197201	787.03911797	290.72118879	236.083358127	791.661415567
596	244.146156294	-160.313258668	787.609110358	290.466909021	242.947496715	792.602965052
597	243.189325854	-154.317125401	788.287636673	289.634603439	249.757241083	793.730025568
598	241.75039838	-148.529986585	789.441480171	289.065856479	256.388001733	795.682403444
599	239.716889374	-143.118688018	791.423989963	290.0759284	262.227574718	799.360512345
